:0200000460009A
:100000004643464200000156000000000103030081
:1000100000000000000000000000000000000000E0
:1000200000000000000000000000000000000000D0
:1000300000000000000000000000000000000000C0
:1000400000000000010408000000000000000000A3
:100050000000800000000000000000000000000020
:100060000000000000000000000000000000000090
:100070000000000000000000000000000000000080
:10008000EB04180A063204260000000000000000FD
:10009000050404240000000000000000000000002F
:1000A0000000000000000000000000000000000050
:1000B0000604000000000000000000000000000036
:1000C0000000000000000000000000000000000030
:1000D00020041808000000000000000000000000DC
:1000E0000000000000000000000000000000000010
:1000F0000000000000000000000000000000000000
:10010000D8041808000000000000000000000000F3
:100110000204180804200000000000000000000095
:1001200000000000000000000000000000000000CF
:10013000600400000000000000000000000000005B
:1001400000000000000000000000000000000000AF
:10015000000000000000000000000000000000009F
:10016000000000000000000000000000000000008F
:10017000000000000000000000000000000000007F
:10018000000000000000000000000000000000006F
:10019000000000000000000000000000000000005F
:1001A000000000000000000000000000000000004F
:1001B000000000000000000000000000000000003F
:1001C000000100000010000001000000000000001D
:1001D000000001000000000000000000000000001E
:1001E000000000000000000000000000000000000F
:1001F00000000000000000000000000000000000FF
:10020000FFFFFFFFFFFFFFFFFFFFFFFFFFFFFFFFFE
:10021000FFFFFFFFFFFFFFFFFFFFFFFFFFFFFFFFEE
:10022000FFFFFFFFFFFFFFFFFFFFFFFFFFFFFFFFDE
:10023000FFFFFFFFFFFFFFFFFFFFFFFFFFFFFFFFCE
:10024000FFFFFFFFFFFFFFFFFFFFFFFFFFFFFFFFBE
:10025000FFFFFFFFFFFFFFFFFFFFFFFFFFFFFFFFAE
:10026000FFFFFFFFFFFFFFFFFFFFFFFFFFFFFFFF9E
:10027000FFFFFFFFFFFFFFFFFFFFFFFFFFFFFFFF8E
:10028000FFFFFFFFFFFFFFFFFFFFFFFFFFFFFFFF7E
:10029000FFFFFFFFFFFFFFFFFFFFFFFFFFFFFFFF6E
:1002A000FFFFFFFFFFFFFFFFFFFFFFFFFFFFFFFF5E
:1002B000FFFFFFFFFFFFFFFFFFFFFFFFFFFFFFFF4E
:1002C000FFFFFFFFFFFFFFFFFFFFFFFFFFFFFFFF3E
:1002D000FFFFFFFFFFFFFFFFFFFFFFFFFFFFFFFF2E
:1002E000FFFFFFFFFFFFFFFFFFFFFFFFFFFFFFFF1E
:1002F000FFFFFFFFFFFFFFFFFFFFFFFFFFFFFFFF0E
:10030000FFFFFFFFFFFFFFFFFFFFFFFFFFFFFFFFFD
:10031000FFFFFFFFFFFFFFFFFFFFFFFFFFFFFFFFED
:10032000FFFFFFFFFFFFFFFFFFFFFFFFFFFFFFFFDD
:10033000FFFFFFFFFFFFFFFFFFFFFFFFFFFFFFFFCD
:10034000FFFFFFFFFFFFFFFFFFFFFFFFFFFFFFFFBD
:10035000FFFFFFFFFFFFFFFFFFFFFFFFFFFFFFFFAD
:10036000FFFFFFFFFFFFFFFFFFFFFFFFFFFFFFFF9D
:10037000FFFFFFFFFFFFFFFFFFFFFFFFFFFFFFFF8D
:10038000FFFFFFFFFFFFFFFFFFFFFFFFFFFFFFFF7D
:10039000FFFFFFFFFFFFFFFFFFFFFFFFFFFFFFFF6D
:1003A000FFFFFFFFFFFFFFFFFFFFFFFFFFFFFFFF5D
:1003B000FFFFFFFFFFFFFFFFFFFFFFFFFFFFFFFF4D
:1003C000FFFFFFFFFFFFFFFFFFFFFFFFFFFFFFFF3D
:1003D000FFFFFFFFFFFFFFFFFFFFFFFFFFFFFFFF2D
:1003E000FFFFFFFFFFFFFFFFFFFFFFFFFFFFFFFF1D
:1003F000FFFFFFFFFFFFFFFFFFFFFFFFFFFFFFFF0D
:10040000FFFFFFFFFFFFFFFFFFFFFFFFFFFFFFFFFC
:10041000FFFFFFFFFFFFFFFFFFFFFFFFFFFFFFFFEC
:10042000FFFFFFFFFFFFFFFFFFFFFFFFFFFFFFFFDC
:10043000FFFFFFFFFFFFFFFFFFFFFFFFFFFFFFFFCC
:10044000FFFFFFFFFFFFFFFFFFFFFFFFFFFFFFFFBC
:10045000FFFFFFFFFFFFFFFFFFFFFFFFFFFFFFFFAC
:10046000FFFFFFFFFFFFFFFFFFFFFFFFFFFFFFFF9C
:10047000FFFFFFFFFFFFFFFFFFFFFFFFFFFFFFFF8C
:10048000FFFFFFFFFFFFFFFFFFFFFFFFFFFFFFFF7C
:10049000FFFFFFFFFFFFFFFFFFFFFFFFFFFFFFFF6C
:1004A000FFFFFFFFFFFFFFFFFFFFFFFFFFFFFFFF5C
:1004B000FFFFFFFFFFFFFFFFFFFFFFFFFFFFFFFF4C
:1004C000FFFFFFFFFFFFFFFFFFFFFFFFFFFFFFFF3C
:1004D000FFFFFFFFFFFFFFFFFFFFFFFFFFFFFFFF2C
:1004E000FFFFFFFFFFFFFFFFFFFFFFFFFFFFFFFF1C
:1004F000FFFFFFFFFFFFFFFFFFFFFFFFFFFFFFFF0C
:10050000FFFFFFFFFFFFFFFFFFFFFFFFFFFFFFFFFB
:10051000FFFFFFFFFFFFFFFFFFFFFFFFFFFFFFFFEB
:10052000FFFFFFFFFFFFFFFFFFFFFFFFFFFFFFFFDB
:10053000FFFFFFFFFFFFFFFFFFFFFFFFFFFFFFFFCB
:10054000FFFFFFFFFFFFFFFFFFFFFFFFFFFFFFFFBB
:10055000FFFFFFFFFFFFFFFFFFFFFFFFFFFFFFFFAB
:10056000FFFFFFFFFFFFFFFFFFFFFFFFFFFFFFFF9B
:10057000FFFFFFFFFFFFFFFFFFFFFFFFFFFFFFFF8B
:10058000FFFFFFFFFFFFFFFFFFFFFFFFFFFFFFFF7B
:10059000FFFFFFFFFFFFFFFFFFFFFFFFFFFFFFFF6B
:1005A000FFFFFFFFFFFFFFFFFFFFFFFFFFFFFFFF5B
:1005B000FFFFFFFFFFFFFFFFFFFFFFFFFFFFFFFF4B
:1005C000FFFFFFFFFFFFFFFFFFFFFFFFFFFFFFFF3B
:1005D000FFFFFFFFFFFFFFFFFFFFFFFFFFFFFFFF2B
:1005E000FFFFFFFFFFFFFFFFFFFFFFFFFFFFFFFF1B
:1005F000FFFFFFFFFFFFFFFFFFFFFFFFFFFFFFFF0B
:10060000FFFFFFFFFFFFFFFFFFFFFFFFFFFFFFFFFA
:10061000FFFFFFFFFFFFFFFFFFFFFFFFFFFFFFFFEA
:10062000FFFFFFFFFFFFFFFFFFFFFFFFFFFFFFFFDA
:10063000FFFFFFFFFFFFFFFFFFFFFFFFFFFFFFFFCA
:10064000FFFFFFFFFFFFFFFFFFFFFFFFFFFFFFFFBA
:10065000FFFFFFFFFFFFFFFFFFFFFFFFFFFFFFFFAA
:10066000FFFFFFFFFFFFFFFFFFFFFFFFFFFFFFFF9A
:10067000FFFFFFFFFFFFFFFFFFFFFFFFFFFFFFFF8A
:10068000FFFFFFFFFFFFFFFFFFFFFFFFFFFFFFFF7A
:10069000FFFFFFFFFFFFFFFFFFFFFFFFFFFFFFFF6A
:1006A000FFFFFFFFFFFFFFFFFFFFFFFFFFFFFFFF5A
:1006B000FFFFFFFFFFFFFFFFFFFFFFFFFFFFFFFF4A
:1006C000FFFFFFFFFFFFFFFFFFFFFFFFFFFFFFFF3A
:1006D000FFFFFFFFFFFFFFFFFFFFFFFFFFFFFFFF2A
:1006E000FFFFFFFFFFFFFFFFFFFFFFFFFFFFFFFF1A
:1006F000FFFFFFFFFFFFFFFFFFFFFFFFFFFFFFFF0A
:10070000FFFFFFFFFFFFFFFFFFFFFFFFFFFFFFFFF9
:10071000FFFFFFFFFFFFFFFFFFFFFFFFFFFFFFFFE9
:10072000FFFFFFFFFFFFFFFFFFFFFFFFFFFFFFFFD9
:10073000FFFFFFFFFFFFFFFFFFFFFFFFFFFFFFFFC9
:10074000FFFFFFFFFFFFFFFFFFFFFFFFFFFFFFFFB9
:10075000FFFFFFFFFFFFFFFFFFFFFFFFFFFFFFFFA9
:10076000FFFFFFFFFFFFFFFFFFFFFFFFFFFFFFFF99
:10077000FFFFFFFFFFFFFFFFFFFFFFFFFFFFFFFF89
:10078000FFFFFFFFFFFFFFFFFFFFFFFFFFFFFFFF79
:10079000FFFFFFFFFFFFFFFFFFFFFFFFFFFFFFFF69
:1007A000FFFFFFFFFFFFFFFFFFFFFFFFFFFFFFFF59
:1007B000FFFFFFFFFFFFFFFFFFFFFFFFFFFFFFFF49
:1007C000FFFFFFFFFFFFFFFFFFFFFFFFFFFFFFFF39
:1007D000FFFFFFFFFFFFFFFFFFFFFFFFFFFFFFFF29
:1007E000FFFFFFFFFFFFFFFFFFFFFFFFFFFFFFFF19
:1007F000FFFFFFFFFFFFFFFFFFFFFFFFFFFFFFFF09
:10080000FFFFFFFFFFFFFFFFFFFFFFFFFFFFFFFFF8
:10081000FFFFFFFFFFFFFFFFFFFFFFFFFFFFFFFFE8
:10082000FFFFFFFFFFFFFFFFFFFFFFFFFFFFFFFFD8
:10083000FFFFFFFFFFFFFFFFFFFFFFFFFFFFFFFFC8
:10084000FFFFFFFFFFFFFFFFFFFFFFFFFFFFFFFFB8
:10085000FFFFFFFFFFFFFFFFFFFFFFFFFFFFFFFFA8
:10086000FFFFFFFFFFFFFFFFFFFFFFFFFFFFFFFF98
:10087000FFFFFFFFFFFFFFFFFFFFFFFFFFFFFFFF88
:10088000FFFFFFFFFFFFFFFFFFFFFFFFFFFFFFFF78
:10089000FFFFFFFFFFFFFFFFFFFFFFFFFFFFFFFF68
:1008A000FFFFFFFFFFFFFFFFFFFFFFFFFFFFFFFF58
:1008B000FFFFFFFFFFFFFFFFFFFFFFFFFFFFFFFF48
:1008C000FFFFFFFFFFFFFFFFFFFFFFFFFFFFFFFF38
:1008D000FFFFFFFFFFFFFFFFFFFFFFFFFFFFFFFF28
:1008E000FFFFFFFFFFFFFFFFFFFFFFFFFFFFFFFF18
:1008F000FFFFFFFFFFFFFFFFFFFFFFFFFFFFFFFF08
:10090000FFFFFFFFFFFFFFFFFFFFFFFFFFFFFFFFF7
:10091000FFFFFFFFFFFFFFFFFFFFFFFFFFFFFFFFE7
:10092000FFFFFFFFFFFFFFFFFFFFFFFFFFFFFFFFD7
:10093000FFFFFFFFFFFFFFFFFFFFFFFFFFFFFFFFC7
:10094000FFFFFFFFFFFFFFFFFFFFFFFFFFFFFFFFB7
:10095000FFFFFFFFFFFFFFFFFFFFFFFFFFFFFFFFA7
:10096000FFFFFFFFFFFFFFFFFFFFFFFFFFFFFFFF97
:10097000FFFFFFFFFFFFFFFFFFFFFFFFFFFFFFFF87
:10098000FFFFFFFFFFFFFFFFFFFFFFFFFFFFFFFF77
:10099000FFFFFFFFFFFFFFFFFFFFFFFFFFFFFFFF67
:1009A000FFFFFFFFFFFFFFFFFFFFFFFFFFFFFFFF57
:1009B000FFFFFFFFFFFFFFFFFFFFFFFFFFFFFFFF47
:1009C000FFFFFFFFFFFFFFFFFFFFFFFFFFFFFFFF37
:1009D000FFFFFFFFFFFFFFFFFFFFFFFFFFFFFFFF27
:1009E000FFFFFFFFFFFFFFFFFFFFFFFFFFFFFFFF17
:1009F000FFFFFFFFFFFFFFFFFFFFFFFFFFFFFFFF07
:100A0000FFFFFFFFFFFFFFFFFFFFFFFFFFFFFFFFF6
:100A1000FFFFFFFFFFFFFFFFFFFFFFFFFFFFFFFFE6
:100A2000FFFFFFFFFFFFFFFFFFFFFFFFFFFFFFFFD6
:100A3000FFFFFFFFFFFFFFFFFFFFFFFFFFFFFFFFC6
:100A4000FFFFFFFFFFFFFFFFFFFFFFFFFFFFFFFFB6
:100A5000FFFFFFFFFFFFFFFFFFFFFFFFFFFFFFFFA6
:100A6000FFFFFFFFFFFFFFFFFFFFFFFFFFFFFFFF96
:100A7000FFFFFFFFFFFFFFFFFFFFFFFFFFFFFFFF86
:100A8000FFFFFFFFFFFFFFFFFFFFFFFFFFFFFFFF76
:100A9000FFFFFFFFFFFFFFFFFFFFFFFFFFFFFFFF66
:100AA000FFFFFFFFFFFFFFFFFFFFFFFFFFFFFFFF56
:100AB000FFFFFFFFFFFFFFFFFFFFFFFFFFFFFFFF46
:100AC000FFFFFFFFFFFFFFFFFFFFFFFFFFFFFFFF36
:100AD000FFFFFFFFFFFFFFFFFFFFFFFFFFFFFFFF26
:100AE000FFFFFFFFFFFFFFFFFFFFFFFFFFFFFFFF16
:100AF000FFFFFFFFFFFFFFFFFFFFFFFFFFFFFFFF06
:100B0000FFFFFFFFFFFFFFFFFFFFFFFFFFFFFFFFF5
:100B1000FFFFFFFFFFFFFFFFFFFFFFFFFFFFFFFFE5
:100B2000FFFFFFFFFFFFFFFFFFFFFFFFFFFFFFFFD5
:100B3000FFFFFFFFFFFFFFFFFFFFFFFFFFFFFFFFC5
:100B4000FFFFFFFFFFFFFFFFFFFFFFFFFFFFFFFFB5
:100B5000FFFFFFFFFFFFFFFFFFFFFFFFFFFFFFFFA5
:100B6000FFFFFFFFFFFFFFFFFFFFFFFFFFFFFFFF95
:100B7000FFFFFFFFFFFFFFFFFFFFFFFFFFFFFFFF85
:100B8000FFFFFFFFFFFFFFFFFFFFFFFFFFFFFFFF75
:100B9000FFFFFFFFFFFFFFFFFFFFFFFFFFFFFFFF65
:100BA000FFFFFFFFFFFFFFFFFFFFFFFFFFFFFFFF55
:100BB000FFFFFFFFFFFFFFFFFFFFFFFFFFFFFFFF45
:100BC000FFFFFFFFFFFFFFFFFFFFFFFFFFFFFFFF35
:100BD000FFFFFFFFFFFFFFFFFFFFFFFFFFFFFFFF25
:100BE000FFFFFFFFFFFFFFFFFFFFFFFFFFFFFFFF15
:100BF000FFFFFFFFFFFFFFFFFFFFFFFFFFFFFFFF05
:100C0000FFFFFFFFFFFFFFFFFFFFFFFFFFFFFFFFF4
:100C1000FFFFFFFFFFFFFFFFFFFFFFFFFFFFFFFFE4
:100C2000FFFFFFFFFFFFFFFFFFFFFFFFFFFFFFFFD4
:100C3000FFFFFFFFFFFFFFFFFFFFFFFFFFFFFFFFC4
:100C4000FFFFFFFFFFFFFFFFFFFFFFFFFFFFFFFFB4
:100C5000FFFFFFFFFFFFFFFFFFFFFFFFFFFFFFFFA4
:100C6000FFFFFFFFFFFFFFFFFFFFFFFFFFFFFFFF94
:100C7000FFFFFFFFFFFFFFFFFFFFFFFFFFFFFFFF84
:100C8000FFFFFFFFFFFFFFFFFFFFFFFFFFFFFFFF74
:100C9000FFFFFFFFFFFFFFFFFFFFFFFFFFFFFFFF64
:100CA000FFFFFFFFFFFFFFFFFFFFFFFFFFFFFFFF54
:100CB000FFFFFFFFFFFFFFFFFFFFFFFFFFFFFFFF44
:100CC000FFFFFFFFFFFFFFFFFFFFFFFFFFFFFFFF34
:100CD000FFFFFFFFFFFFFFFFFFFFFFFFFFFFFFFF24
:100CE000FFFFFFFFFFFFFFFFFFFFFFFFFFFFFFFF14
:100CF000FFFFFFFFFFFFFFFFFFFFFFFFFFFFFFFF04
:100D0000FFFFFFFFFFFFFFFFFFFFFFFFFFFFFFFFF3
:100D1000FFFFFFFFFFFFFFFFFFFFFFFFFFFFFFFFE3
:100D2000FFFFFFFFFFFFFFFFFFFFFFFFFFFFFFFFD3
:100D3000FFFFFFFFFFFFFFFFFFFFFFFFFFFFFFFFC3
:100D4000FFFFFFFFFFFFFFFFFFFFFFFFFFFFFFFFB3
:100D5000FFFFFFFFFFFFFFFFFFFFFFFFFFFFFFFFA3
:100D6000FFFFFFFFFFFFFFFFFFFFFFFFFFFFFFFF93
:100D7000FFFFFFFFFFFFFFFFFFFFFFFFFFFFFFFF83
:100D8000FFFFFFFFFFFFFFFFFFFFFFFFFFFFFFFF73
:100D9000FFFFFFFFFFFFFFFFFFFFFFFFFFFFFFFF63
:100DA000FFFFFFFFFFFFFFFFFFFFFFFFFFFFFFFF53
:100DB000FFFFFFFFFFFFFFFFFFFFFFFFFFFFFFFF43
:100DC000FFFFFFFFFFFFFFFFFFFFFFFFFFFFFFFF33
:100DD000FFFFFFFFFFFFFFFFFFFFFFFFFFFFFFFF23
:100DE000FFFFFFFFFFFFFFFFFFFFFFFFFFFFFFFF13
:100DF000FFFFFFFFFFFFFFFFFFFFFFFFFFFFFFFF03
:100E0000FFFFFFFFFFFFFFFFFFFFFFFFFFFFFFFFF2
:100E1000FFFFFFFFFFFFFFFFFFFFFFFFFFFFFFFFE2
:100E2000FFFFFFFFFFFFFFFFFFFFFFFFFFFFFFFFD2
:100E3000FFFFFFFFFFFFFFFFFFFFFFFFFFFFFFFFC2
:100E4000FFFFFFFFFFFFFFFFFFFFFFFFFFFFFFFFB2
:100E5000FFFFFFFFFFFFFFFFFFFFFFFFFFFFFFFFA2
:100E6000FFFFFFFFFFFFFFFFFFFFFFFFFFFFFFFF92
:100E7000FFFFFFFFFFFFFFFFFFFFFFFFFFFFFFFF82
:100E8000FFFFFFFFFFFFFFFFFFFFFFFFFFFFFFFF72
:100E9000FFFFFFFFFFFFFFFFFFFFFFFFFFFFFFFF62
:100EA000FFFFFFFFFFFFFFFFFFFFFFFFFFFFFFFF52
:100EB000FFFFFFFFFFFFFFFFFFFFFFFFFFFFFFFF42
:100EC000FFFFFFFFFFFFFFFFFFFFFFFFFFFFFFFF32
:100ED000FFFFFFFFFFFFFFFFFFFFFFFFFFFFFFFF22
:100EE000FFFFFFFFFFFFFFFFFFFFFFFFFFFFFFFF12
:100EF000FFFFFFFFFFFFFFFFFFFFFFFFFFFFFFFF02
:100F0000FFFFFFFFFFFFFFFFFFFFFFFFFFFFFFFFF1
:100F1000FFFFFFFFFFFFFFFFFFFFFFFFFFFFFFFFE1
:100F2000FFFFFFFFFFFFFFFFFFFFFFFFFFFFFFFFD1
:100F3000FFFFFFFFFFFFFFFFFFFFFFFFFFFFFFFFC1
:100F4000FFFFFFFFFFFFFFFFFFFFFFFFFFFFFFFFB1
:100F5000FFFFFFFFFFFFFFFFFFFFFFFFFFFFFFFFA1
:100F6000FFFFFFFFFFFFFFFFFFFFFFFFFFFFFFFF91
:100F7000FFFFFFFFFFFFFFFFFFFFFFFFFFFFFFFF81
:100F8000FFFFFFFFFFFFFFFFFFFFFFFFFFFFFFFF71
:100F9000FFFFFFFFFFFFFFFFFFFFFFFFFFFFFFFF61
:100FA000FFFFFFFFFFFFFFFFFFFFFFFFFFFFFFFF51
:100FB000FFFFFFFFFFFFFFFFFFFFFFFFFFFFFFFF41
:100FC000FFFFFFFFFFFFFFFFFFFFFFFFFFFFFFFF31
:100FD000FFFFFFFFFFFFFFFFFFFFFFFFFFFFFFFF21
:100FE000FFFFFFFFFFFFFFFFFFFFFFFFFFFFFFFF11
:100FF000FFFFFFFFFFFFFFFFFFFFFFFFFFFFFFFF01
:10100000D100204000180060000000000000000037
:1010100020100060001000600000000000000000D0
:0C1020000000006000001F000000000045
:10102C00FFFFFFFFFFFFFFFFFFFFFFFF7EFFFFFF45
:1014000000040020E9180060EB180060EB18006091
:10141000EB180060EB180060EB180060EB18006040
:10142000EB180060EB180060EB180060A77D00600F
:10143000EB180060EB180060EB1800604993006047
:10144000EB180060EB180060EB180060EB18006010
:10145000EB180060EB180060EB180060EB18006000
:10146000EB180060EB180060EB180060EB180060F0
:10147000EB180060EB180060EB180060EB180060E0
:10148000EB180060EB180060EB180060EB180060D0
:10149000EB180060EB180060EB180060EB180060C0
:1014A000EB180060EB180060EB180060EB180060B0
:1014B000EB180060EB180060EB180060EB180060A0
:1014C000EB180060EB180060EB180060EB18006090
:1014D000EB180060EB180060EB180060EB18006080
:1014E000EB180060EB180060EB180060EB18006070
:1014F000EB180060EB180060EB180060EB18006060
:10150000EB180060EB180060EB180060EB1800604F
:10151000EB180060EB180060EB180060EB1800603F
:10152000EB180060EB180060EB180060EB1800602F
:10153000EB180060EB180060EB180060EB1800601F
:10154000EB180060EB180060EB180060EB1800600F
:10155000EB180060EB180060EB180060EB180060FF
:10156000EB180060EB180060EB180060EB180060EF
:10157000EB180060EB180060EB180060EB180060DF
:10158000EB180060EB180060EB180060EB180060CF
:10159000EB180060EB180060EB180060EB180060BF
:1015A000EB180060EB180060EB180060EB180060AF
:1015B000EB180060EB180060EB180060EB1800609F
:1015C000EB180060EB180060EB180060EB1800608F
:1015D000EB180060EB180060EB180060EB1800607F
:1015E000EB180060EB180060EB180060EB1800606F
:1015F000EB180060EB180060EB180060EB1800605F
:10160000EB180060F5940060EB180060EB180060C8
:10161000EB180060EB180060EB180060EB1800603E
:10162000EB180060EB180060EB180060EB1800602E
:10163000EB180060EB180060EB180060EB1800601E
:10164000EB180060EB180060EB180060EB1800600E
:10165000EB180060EB180060EB180060EB180060FE
:10166000EB180060EB180060EB180060EB180060EE
:10167000EB180060EB180060EB180060EB180060DE
:10168000EB180060EB180060EB180060EB180060CE
:10169000EB180060EB180060EB180060EB180060BE
:1016A000EB180060EB180060EB180060EB180060AE
:1016B000EB180060EB180060EB180060EB1800609E
:1016C000000000000000000000000000000000001A
:1016D000000000000000000000000000000000000A
:1016E00000000000000000000000000000000000FA
:1016F00000000000000000000000000000000000EA
:1017000000000000000000000000000000000000D9
:1017100000000000000000000000000000000000C9
:1017200000000000000000000000000000000000B9
:1017300000000000000000000000000000000000A9
:101740000000000000000000000000000000000099
:101750000000000000000000000000000000000089
:101760000000000000000000000000000000000079
:101770000000000000000000000000000000000069
:101780000000000000000000000000000000000059
:101790000000000000000000000000000000000049
:1017A0000000000000000000000000000000000039
:1017B0000000000000000000000000000000000029
:1017C0000000000000000000000000000000000019
:1017D0000000000000000000000000000000000009
:1017E00000000000000000000000000000000000F9
:1017F00000000000000000000000000000000000E9
:0818000000102020658E00603D
:1018100072B6264880F30888254880F30988254851
:1018200025490860022080F31488BFF36F8F05F00C
:10183000F9FF05F03AFC4FF0553020491B4A914220
:101840003CBF41F8040BFAE71D49194A91423CBFDD
:1018500041F8040BFAE71B491B4A1C4B9A423EBF56
:1018600051F8040B42F8040BF8E700201849194A14
:1018700091423CBF41F8040BFAE706F011F806F07C
:10188000FDFE154C154DAC4203DA54F8041B884795
:10189000F9E703F0B7FE124C124DAC4203DA54F8EC
:1018A000041B8847F9E705F0F9BF00000004002099
:1018B000000C00200014006008ED00E00000002093
:1018C00000040020D4B10060000C00202C10002087
:1018D000001800205C300020081800600818006024
:1018E000081800600818006092E700F000F8FEE7B2
:1018F0002DE9F04FC1F80CD0D0F80CD0BDE8F08F36
:10190000002383F311882846A047002006F008FA38
:10191000FEE706F05FF900DFFEE7000053B94AB9C1
:10192000002908BF00281CBF4FF0FF314FF0FF30E7
:1019300000F06AB9ADF1080C6DE904CE00F006F8CC
:10194000DDF804E0DDE9022304B070472DE9F0473B
:10195000089D0E4604460F46002B4AD194468C45FE
:10196000B2FA82F260D942B1C2F12003974020FA64
:1019700003F30CFA02FC1F4394404FEA1C4E1FFA7B
:101980008CF6B7FBFEF1230C0EFB117743EA0743FD
:1019900001FB06F098420AD91CEB030301F1FF3763
:1019A00080F01581984240F21281023963441B1A7B
:1019B000A4B2B3FBFEF00EFB103344EA034400FB79
:1019C00006F6A6420AD91CEB040400F1FF3380F0AE
:1019D0000081A64240F2FD806444023840EA0140A2
:1019E000A41B00211DB1D4400023C5E90043BDE87C
:1019F000F0878B4205D90DB1C5E9000100210846E9
:101A0000F5E7B3FA83F1002946D1B34202D382420B
:101A100000F2F580841A66EB030201201746002DC0
:101A2000E5D0C5E90047E2E7002A40F09380A1EB4A
:101A30000C034FEA1C471FFA8CFE0121B3FBF7F69B
:101A400007FB1630230C43EA00430EFB06F09842D6
:101A500008D91CEB030306F1FF3802D2984200F2CA
:101A6000D08046461B1AA4B2B3FBF7F007FB103335
:101A700044EA03440EFB00FEA64508D91CEB04040F
:101A800000F1FF3302D2A64500F2B6801846A4EB5F
:101A90000E0440EA0640A5E7C1F120078B4022FA78
:101AA00007FC4CEA030C06FA01FE20FA07F426FABA
:101AB00007F344EA0E0400FA01F84FEA1C404FEA2B
:101AC0001449B3FBF0FE1FFA8CF600FB1E3349EA03
:101AD00003430EFB06F9994502FA01F20BD91CEB00
:101AE00003030EF1FF3A80F08580994540F2828031
:101AF000AEF1020E6344A3EB0909A4B2B9FBF0F303
:101B000000FB139944EA094403FB06F6A64208D9F0
:101B10001CEB040403F1FF3068D2A64266D9023BF5
:101B2000644443EA0E40A41BA0FB02E6B4427346A1
:101B3000B14652D34FD05DB1B8EB030264EB090458
:101B400004FA07F722FA01F31F43CC40C5E90074F9
:101B500000214CE7C2F1200120FA01F30CFA02FC4B
:101B600026FA01F1964033434FEA1C471FFA8CFED8
:101B7000B1FBF7F007FB1016190C41EA064100FB18
:101B80000EF68E4204FA02F408D91CEB010100F1B2
:101B9000FF382DD28E422BD902386144891B9BB26B
:101BA000B1FBF7F607FB161143EA014306FB0EF102
:101BB000994208D91CEB030306F1FF3814D299426D
:101BC00012D9023E63445B1A46EA004136E73946C1
:101BD000EDE6184602E7F045ADD2BEEB020366EB38
:101BE0000C060138B146A6E74646ECE7034698E7FF
:101BF0004046D3E7D6467EE76444023847E70846C6
:101C00000DE7023E63442DE7704700BF00B50B4C63
:101C100025681446EE681A4685B003460D464CB159
:101C200007490095CDE901143046064900F026F930
:101C300000F012F804490C46F3E700BF000C002046
:101C400050B1006060B100605CB1006008B513463F
:101C50000022FFF7DBFF00BF08B5062000F02EFDD5
:101C6000012006F039FD00BF830730B547D0541E70
:101C7000002A3ED0CAB2034601E0013C39D303F842
:101C8000012B9D07F9D1032C2CD9CDB205EB0525ED
:101C90000F2C05EB054535D9A4F1100222F00F0CED
:101CA00003F1100EE6444FEA121C1A46C2E9005531
:101CB000C2E9025510327245F8D10CF1010214F05C
:101CC0000C0F03EB021204F00F0C13D0ACF1040361
:101CD00023F003030433134442F8045B9342FBD123
:101CE0000CF003042CB1C9B21C4403F8011BA3423D
:101CF000FBD130BD64461346002CF4D1F9E703460E
:101D00001446C0E71A46A446E0E700BF844641EA0D
:101D1000000313F003036DD1403A41D351F8043B63
:101D200040F8043B51F8043B40F8043B51F8043BB5
:101D300040F8043B51F8043B40F8043B51F8043BA5
:101D400040F8043B51F8043B40F8043B51F8043B95
:101D500040F8043B51F8043B40F8043B51F8043B85
:101D600040F8043B51F8043B40F8043B51F8043B75
:101D700040F8043B51F8043B40F8043B51F8043B65
:101D800040F8043B51F8043B40F8043B51F8043B55
:101D900040F8043B51F8043B40F8043B403ABDD2C4
:101DA000303211D351F8043B40F8043B51F8043B66
:101DB00040F8043B51F8043B40F8043B51F8043B25
:101DC00040F8043B103AEDD20C3205D351F8043BF5
:101DD00040F8043B043AF9D2043208D0D2071CBFC1
:101DE00011F8013B00F8013B01D30B8803806046EA
:101DF000704700BF082A13D38B078DD010F0030360
:101E00008AD0C3F10403D21ADB071CBF11F8013BCF
:101E100000F8013B80D331F8023B20F8023B7BE71E
:101E2000043AD9D3013A11F8013B00F8013BF9D249
:101E30000B7803704B7843708B78837060467047E3
:101E4000024B0146186800F0D7BE00BF000C00200E
:101E5000024B0146186800F04FBF00BF000C002085
:101E60000CB400B583B004AB53F8042B019300F01D
:101E700083F803B05DF804EB02B070470EB410B500
:101E800083B005AB064C53F8042B01930146206840
:101E900000F072F803B0BDE8104003B0704700BF17
:101EA000000C0020032A30B415D941EA0004A4072D
:101EB00084460B4604D0541E0FE0043A032A08D986
:101EC0001946604653F8044B5CF8045BA542F4D015
:101ED000F1E760461946541E7AB1431E01390219D2
:101EE00001E09A4209D013F8010F11F801CF6045C3
:101EF000F7D0A0EB0C0030BC7047002030BC70471E
:101F00009368013B002B936005DAD2F818C0634553
:101F100007DB0A2905D01368581C106019700846A1
:101F2000704700F06BB900BF9BB1F8B5134406468B
:101F30000F46541E5D1E01E0AC4208D014F8011F8C
:101F40003A463046FFF7DCFF431CF5D1F8BD0020D0
:101F5000F8BD0020704700BF936810B514461BB948
:101F600018460023636010BD00F098F90023A360B9
:101F70000023636010BD00BF2DE9F04FA1B08B4678
:101F800091461C46049018B1036A002B00F01C8196
:101F9000BBF80C30180740F19580DBF81030002BAF
:101FA00000F090800023CA460D9343F22003ADF861
:101FB00039309AF80030864E07940127002B79D0EB
:101FC000D14604E019F8013F002B00F08580252B55
:101FD000F8D1B9EB0A0840F0828099F80030002B64
:101FE00068D000234FF0FF32CDE9092309F1010940
:101FF00008930B938DF863301E9305E0089A07FA57
:1020000003F31A430892A1464C46052214F8011B1B
:10201000304600F075FFA246831B0028EED1089BD6
:10202000D90644BF20228DF8632099F800101A07C2
:1020300044BF2B228DF863202A2966D1079A1168A4
:10204000043200290792C0F29A800B9199F801108E
:102050002E2970D05F4C0322204600F051FF38B18A
:10206000089B001B4022824013430AF1010A089397
:102070001AF8011B58488DF83810062200F040FF6E
:10208000002800F08280554B002B69D007AA0092EF
:10209000534B04985A4608A9AFF300800390039B62
:1020A000013307D00D9B039A13440D939AF8003027
:1020B000002B85D1BBF80C305B060AD40D9821B0FB
:1020C000BDE8F08F0498594600F06AFF00283FF4FD
:1020D00069AF4FF0FF30F2E7B9EB0A08EAD00AF136
:1020E000FF35CDF81490A946049D01E0A0453ED9E6
:1020F0004C465A4619F8011F2846FFF701FF0234E3
:102100000130A4EB0A04F1D1D4E7A1F13002092A8D
:1021100088BFCA469CD80B9B00E00134217803EBB2
:10212000830302EB4303A1F13002092AF5D92E29DA
:102130000B93A2468ED19AF801102A292FD1079B22
:102140009AF802101A6809920433002A0AF1020070
:102150000793B8BF4FF0FF338246B8BF099379E7C2
:10216000079B073323F00703083307939AE70D997A
:10217000DDF81490414499F800300D912FE7494261
:1021800043F002030B91089360E707AA0092144BF7
:1021900004985A4608A901F029F803907FE7A1F1B5
:1021A00030020023092A09930AF1010A3FF652AFCF
:1021B0001AF8011F03EB830302EB4303A1F1300282
:1021C000092AF5D9099345E700F0FEFBE0E600BFD8
:1021D00090B1006098B100609CB100600000000008
:1021E000291F006010B4044C84461346206810BCBC
:1021F0000A466146FFF7C0BE000C0020F8B50D4648
:102200001446064610B1036A002B37D0A389A26991
:10221000A2601A0719D52369BBB122686169D31A74
:10222000EDB299422F4620DD0133A1680139A1604A
:10223000511C2160157062699A420DD0A389DB0799
:1022400001D50A2D08D03846F8BD2146304600F0A9
:10225000A7FE38B92369E0E72146304600F066FC66
:102260000028F0D04FF0FF37EDE72146304600F070
:102270005DFC0028F6D122680123D6E700F0A4FB1C
:10228000C4E700BF10B4044C03460A46206810BCE3
:102290001946FFF7B3BF00BF000C00209368002B66
:1022A00000F0F6802DE9F04FB1F90CC01CF0080FDA
:1022B00083B0904681460C4631D00B697BB31CF04D
:1022C0000207D8F8006038D00027D4F828B0216A77
:1022D000DFF8BCA23D4655452B463A4628BF53463B
:1022E0004846C5B1D847002840F3C880D8F8083020
:1022F0001B1A07442D1AC8F80830002B00F0B480D0
:1023000055452B46D4F828B0216A28BF53463A4693
:102310004846002DE6D1D6E900750836DBE72146B0
:10232000484600F03DFE002840F0AD80B4F90CC0F6
:10233000D8F800601CF00207C6D11CF0010A63D176
:102340002368A168574618468B46002F58D01CF4C6
:10235000007F00F0B180B9420A4600F2DD801CF433
:10236000906F2FD0216962695D1A02EB420202EB85
:10237000D2726B1C52103B44934292BF93469B46D1
:102380001A461CF4806F00F0E6801146484600F0C3
:1023900033FC002800F0F5802A4621690190FFF700
:1023A000B5FCA289019B22F4906242F08002A281D6
:1023B0005819ABEB0505C4F814B02361A560206083
:1023C000BB463A465146019200F0F4FCA1682368EE
:1023D000019AA1EB0B011A443D46A160226000273F
:1023E000D8F808305B1BAA44C8F80830002B3BD053
:1023F0002368A168B4F90CC018468B46002FA6D1FB
:10240000D6E900A708369EE73846BB463D46002D74
:1024100040D0002845D03A46D4E904C32068A168DA
:10242000AA4228BF2A46604504D901EB030A524557
:1024300000F38280934272DC216AD4F828C05A46A5
:102440004846E047B0F1000A18DDB7EB0A070FD0A5
:102450000120D8F80830A3EB0A03D344A5EB0A0502
:10246000C8F80830002BD2D1002003B0BDE8F08FAF
:102470002146484600F05AFB0028EAD0B4F90C3057
:1024800043F04003A3814FF0FF3003B0BDE8F08F6D
:1024900000207047756833460836002DFAD0D3F80F
:1024A00000B02A460A21584600F02AFD002865D0CF
:1024B0000130A0EB0B07AEE722699A4214D36269A0
:1024C000BA4211D86FF00043BB4228BF3B46A56A11
:1024D00093FBF2F3216A02FB03F348465246A847F6
:1024E000051ECBDD7F1B7BE7B94228BF39460D4671
:1024F00018460A46514600F05DFCA1682368491B56
:102500002B44A16023600029ECD12146484600F00D
:102510000DFB0028E6D0B1E7BB463A4652E75946E4
:10252000019200F047FC019AA3689B1AA3602368FC
:1025300013442360924688E75946524600F03AFC1D
:102540002368534423602146484600F0EFFA0028F0
:102550003FF47BAF92E7484600F084FD0346002835
:102560007FF426AF2169484600F0C6FBB4F90C3071
:102570000C22C9F8002023F0800381E76A1C17466B
:102580004AE70C22B4F90C30C9F8002078E700BF04
:1025900000FCFF7F38B5C46B0CB1002038BD802132
:1025A000054600F029FB0246E86330B1031F7C3288
:1025B00043F8044F9342FBD1EFE74FF0FF3038BDB3
:1025C00030B51F2983B0054608D8C36B0C4653B1FC
:1025D00053F8240043F8242003B030BD16230360D1
:1025E0004FF0FF30F8E78021019200F005FB019ADF
:1025F000E86303460028F3D0011F00F17C050020AA
:1026000041F8040FA942FBD1E2E700BF1F2938B50A
:1026100005461ED8C26B0C466AB152F8213053B140
:10262000012B06D0591C10D0002142F8241020465E
:102630009847002038BD284601F010F82246014690
:102640002846BDE8384000F0F3BF162303600120A0
:1026500038BD162303604FF0FF3038BD1F292AD83C
:1026600038B5C36B0C460546A3B153F8242003EBE1
:1026700084034AB1511C0BD0012A07D00025204603
:102680001D609047284638BD012038BD032038BD65
:10269000022038BD802100F0AFFA0346E86338B16C
:1026A000021F00217C3042F8041F8242FBD1DCE78C
:1026B0004FF0FF3038BD4FF0FF30704738B5134B47
:1026C0001F281D681DD8EA6B044662B152F82030FD
:1026D0004BB1012B05D0591C0FD0002142F820101E
:1026E0009847002038BD284600F0B8FF2246014632
:1026F0002846BDE8384000F09BBF16232B60012020
:1027000038BD16232B604FF0FF3038BD000C002081
:10271000114B1F2870B51E6808D8F36B04460D4690
:102720004BB153F8240043F8245070BD1623336096
:102730004FF0FF3070BD8021304600F05DFA034657
:10274000F0630028F4D0021F00217C3042F8041FFF
:102750008242FBD1E5E700BF000C002038B50B4BEF
:102760001D68EC6B0CB1002038BD8021284600F0BC
:1027700043FAE86338B1031F00F17C0243F8044FC9
:102780009342FBD1EFE74FF0FF3038BD000C002043
:1027900038B5174B1F281D6826D80446E86BA0B132
:1027A00050F8243000EB84004BB15A1C0BD0012BA5
:1027B00007D00025056020469847284638BD0120EF
:1027C00038BD032038BD022038BD8021284600F0E6
:1027D00013FAE86340B1031F00F17C01002243F8C3
:1027E000042F8B42FBD1DBE74FF0FF3038BD00BF39
:1027F000000C002000207047024A0349034800F003
:1028000059BB00BF500C00202D2B0060040C002091
:102810000C4B4168994210B5044601D000F086F98E
:10282000A168094B994202D0204600F07FF9E16887
:10283000064B994204D02046BDE8104000F076B91E
:1028400010BD00BF0018002068180020D01800201C
:10285000002070472DE9F8432A4C2B49DFF8AC9053
:10286000DFF8AC802B4FC4F8381100250423082270
:10287000294604F15C00284EE360C4E90055C4E930
:102880000455A5606566A561FFF7EEF9234B636704
:102890000822294604F1C400C4E90849C4E90A87AA
:1028A000C4E91A55C4E91E552567C4F8CC50C4F8CC
:1028B00080502663FFF7D8F9194BC4F8DC3029465D
:1028C00004F16803082204F59670C4F88830C4E95E
:1028D0002398C4E92576C4E93455C4E93855C4F8C9
:1028E000D850C4F83451C4F8E850FFF7BDF904F1EA
:1028F000D003C4E93D98C4E93F76C4F8F030BDE8A0
:10290000F88300BF00180020F92700608D350060B3
:10291000B5350060F535006019360060090001002A
:1029200012000200F8B5254BD3F838310646002BCB
:102930003CD0234FD7E90134013B04D51DE05A1C9C
:1029400004F1680419D0B4F90C50013B002DF6D104
:102950001C4BE360C4E90155C4E904556566256074
:10296000A5610822294604F15C00FFF77DF9C4E95E
:102970000D55C4E912552046F8BD3D680DB12F46EE
:10298000D8E74FF4D671304600F036F9044680B1EE
:102990000423C0E900530C302946A0604FF4D072E4
:1029A0002546FFF761F93C602F46C3E7FFF752FF6A
:1029B000BFE70C2338603360DDE700BF001800205C
:1029C000500C00200100FFFF036A03B17047044B65
:1029D000044AD3F838310262002BF7D13AE700BF3E
:1029E0000018002011280060704700BF704700BF2A
:1029F000024A0349002000F05DBA00BF500C0020DD
:102A0000F5270060024A0349002000F053BA00BFD6
:102A1000500C002051280060F8B5B1F90C301E07A9
:102A20000C46074639D44A68002A53DDE56A002D72
:102A300031D000223E683A6013F48052216A55D1A9
:102A400001233846A847451C024663D0B4F90C3030
:102A5000E56A216A580705D56368D21A636B0BB122
:102A6000236CD21A00233846A847421C40D00023CA
:102A7000636023692360A389DB0400D56065616B13
:102A80003E6041B104F14403994202D0384600F05F
:102A900033F9002363630020F8BD0E69002EFAD0DD
:102AA0009B070D6808BF4B690E6018BF0023AD1B64
:102AB0008B600CE0D4F828C0216A2B463246384699
:102AC000E047B0F1000CA5EB0C05664406DD002DD7
:102AD000F0DCE0E70A6C002AA8DCDCE7B4F90C3093
:102AE00043F04003A3814FF0FF30F8BD626DB1E7C2
:102AF0003968B4F90C301D29F2D80B4ACA40D50701
:102B0000EED52269226000226260DA04B7D500297E
:102B1000B4D0B4E73B68002B98D01D2B01D0162B06
:102B2000DCD13E60B7E700BF010040200B69B3B1C4
:102B300010B5044682B008B1036A5BB1B1F90C303C
:102B400013B9002002B010BD204602B0BDE810400D
:102B5000FFF762BF0191FFF737FF0199EEE7002011
:102B6000704700BFB8B138B50D4A0369156804460F
:102B70002BB10DB12B6A53B1B4F90C300BB9002055
:102B800038BD21462846BDE83840FFF745BF2846F6
:102B9000FFF71AFFF0E7034A0349044800F08AB937
:102BA000000C0020500C00202D2B0060040C002095
:102BB00070B5104E336805460C46B3B12146284621
:102BC00005F06FFD431C0CD0C41C24F00304A0428C
:102BD00005D0211A284605F064FD013001D02046B9
:102BE00070BD4FF0FF34204670BD194605F059FD09
:102BF0003060E3E73C1900202DE9F843CD1C25F0B7
:102C0000030508350C2D38BF0C25002D064618DBB2
:102C1000A94216D8DFF8DC8000F02AFCD8F804209E
:102C2000A2B1144603E0636822467BB11C462368C8
:102C30005B1BF8D40B2B1FD89442636854D05360AD
:102C40000CE00C2333600020BDE8F88329463046B1
:102C5000FFF7AEFF431C044619D00560304600F074
:102C600009FC04F10B00231D20F00700C21A1CBF51
:102C70001B1AA350BDE8F88361199442256014BF64
:102C80005160C8F80410635163684B60E6E7D8F8F8
:102C900004701FB33C467F68002FFBD12368394680
:102CA000304604EB030905F0FCFC814516D123688E
:102CB000ED1A29463046FFF77BFF01300ED023681E
:102CC000D8F804202B442360536883B1A34203D077
:102CD0001A465B689C42FBD10023B0E70C233360AB
:102CE000304600F0C7FBAEE7C8F80430B6E7C8F8D6
:102CF0000470B3E73C190020002950D038B551F8D2
:102D0000043C0C1F002BB8BFE418054600F0B0FBD4
:102D1000274A13682BB1A3420CD92168601883425B
:102D20002CD0636028461460BDE8384000F0A2BB98
:102D3000A3420FD81A465B68002BF9D111685018CE
:102D4000844217D02CD3636054602846BDE83840D5
:102D500000F090BB11685018A04214D020D8216810
:102D600060188342EFD118685B680844C4E9000327
:102D70005460EAE723680B441360E6E718685B6871
:102D800008442060CDE72068014450188342116058
:102D9000DBD1D3E900040144C2E90014D5E7704750
:102DA0000C232B602846BDE8384000F063BB00BF11
:102DB0004019002088420ED98B1883420BD900EBB2
:102DC000020C002A6ED0624613F801CD02F801CD44
:102DD0009942F9D170470F2A0FD8034602F1FF3C00
:102DE000002A5FD00CF1010C013B8C4411F8012B3F
:102DF00003F8012F6145F9D1704740EA01039B07B1
:102E000051D1A2F1100370B501F1200C23F00F0590
:102E100001F1100E00F11004AC441B095EF8105CC7
:102E200044F8105C5EF80C5C44F80C5C5EF8085CDE
:102E300044F8085C5EF8045C44F8045C0EF1100E83
:102E4000E64504F11004E9D1013312F00C0F01EB57
:102E5000031102F00F0400EB031328D0043C24F00C
:102E600003064FEA940C1E441C1F8E465EF8045B5A
:102E700044F8045FB442F9D10CF1010402F00302FA
:102E800003EB840301EB840102F1FF3C4AB10CF136
:102E9000010C013B8C4411F8012B03F8012F614513
:102EA000F9D170BD704702F1FF3C03469AE7224614
:102EB000EAE700BF2DE9F8430746884616464FF07B
:102EC0000009D6E90154013D10D4A389012B08D98A
:102ED000B4F90E3001332146384602D0C04749EAE2
:102EE0000009013D6B1C04F16804EED13668002E28
:102EF000E7D14846BDE8F88300000000000000006C
:102F000001F0FF01102A2BDB10F0070F08D010F89A
:102F1000013B013A8B422DD010F0070F42B3F6D19E
:102F2000F0B441EA012141EA014122F007047FF0B7
:102F300000070023F0E80256083C85EA010586EA0E
:102F4000010685FA47F5A3FA87F586FA47F6A5FA4A
:102F500087F68EB9EED1F0BC01F0FF0102F0070256
:102F600032B110F8013B013A83EA010313B1F8D101
:102F70000020704701387047002D06BF35460338E2
:102F8000073815F0010F07D1013015F4807F02BF1B
:102F9000013015F4C03F0130F0BC0138704700BF6C
:102FA00038B52F4B1B6805460C4613B11A6A002A28
:102FB0004BD0B4F90C3018071CD5226922B313F09A
:102FC000010107D0616900204942A060A1613AB1C6
:102FD000002038BD980758BF6169A160002AF7D169
:102FE000190658BF1046F4D543F04003A3814FF0B3
:102FF000FF3038BDD9062CD55A0712D4226943F0C8
:103000000803A381002ADAD103F42071B1F5007F0F
:10301000D5D02146284600F02FFAB4F90C302269A9
:10302000CDE7616B51B104F14402914204D02846CE
:10303000FFF762FEB4F90C300022626322690021BE
:10304000C4E9002123F02403D9E71846FFF7BCFCAC
:10305000AFE7092243F040032A60A381C7E700BF1E
:10306000000C00202DE9F041144641B30AB3064696
:103070000D4600F0D5FA8442074602D8B4EB500F53
:1030800013D821463046FFF7B7FD804650B1BC4209
:103090002246294628BF3A46FEF738FE29463046E2
:1030A000FFF72AFE4046BDE8F081A8464046BDE84D
:1030B000F081A046FFF720FE4046BDE8F081BDE864
:1030C000F0411146FFF798BD2DE9F84F92461F4693
:1030D0000A698B68DDF828909A42B8BF1A46CAF888
:1030E000002091F843300C46064613B10132CAF86D
:1030F0000020226891065FD5DAF800300233CAF862
:103100000030226812F0060F11461DD1E168994285
:10311000D8BF114618DD4FF0000804F1190B05E087
:10312000E568DAF80030ED1A45450CDD01235A4612
:1031300039463046C847013008F10108F0D14FF058
:10314000FF30BDE8F88F216894F84330003B18BF8A
:1031500001238A060AD5E1185A1C302081F8430061
:10316000224494F8451082F84310023304F14302DC
:1031700039463046C8470130E1D02368DAF80050BC
:10318000216903F00603042BD4E902201BD08A42F4
:1031900020DD4FF00008521A90441A34002501E057
:1031A000454517DA0123224639463046C8470130E3
:1031B00005F10105F4D1C2E712F0060F0DD0003B76
:1031C00018BF0123D2E7401B8A4220EAE078E2DC04
:1031D0000028E2DC0020BDE8F88FE168DAF8003072
:1031E0009942D8BF114696DCAEE700BF2DE9F04703
:1031F000174684B00A7E0C9D0C460646984601F19F
:10320000430C002A35D0A2F15803D9B2202969D83D
:10321000202B67D8DFE813F0E60066006600660042
:103220006600660066006600660066006600AC0028
:10323000700066006600660066007000660066004A
:103240006600660021008300C60066006600B600C6
:103250006600830066006600EC002B6822686169E6
:10326000181D286010061B6802D4520600F1E08089
:1032700019600023E1462361CDF800803B4603AA94
:1032800021463046FFF720FF013020D023694A460F
:1032900039463046C047013019D02368E068DDF870
:1032A0000C909B0718D5484516DD002504F1190A36
:1032B00004E0E068A0EB0903AB420DDD01235246B8
:1032C00039463046C047013005F10105F1D14FF0D4
:1032D000FF3004B0BDE8F0874845B8BF484604B0A9
:1032E000BDE8F08784F84220012004F14209002360
:1032F000206184F84330BFE72A682368111D18064F
:10330000296002D4590600F1958010680146002812
:103310006268C0F2938054484FF00A0E15E02068AE
:103320002B6810F0800F53F8041B02D1400648BFF1
:1033300089B26F2A4C482B6014BF4FF00A0E4FF031
:10334000080E0023626884F84330002AA26051DB33
:10335000236823F00403236000294BD1002A7BD18A
:10336000E146BEF1080F56D0ACEB0903236183E7B9
:103370002B681A6804332B6004F1420984F8422058
:103380000120B4E72B686268191D2960D3F800900A
:1033900000214846FFF7B4FD002863D0A0EB0900E8
:1033A0006060A4E7236843F02003236078222F485D
:1033B00084F845202A6813F0800F52F8041B03D1CB
:1033C00013F0400F18BF89B22A60DA0744BF43F0F8
:1033D0002003236019B9236823F0200323604FF0F2
:1033E000100EAEE7582384F845301F482368E1E704
:1033F0002368DBE77546E146B1FBF5F305FB131ADD
:103400000A46AA4210F80A1009F8011D1946F3D21B
:10341000BEF1080FA8D12368DD07A5D5626823692E
:103420009A42A1DC302309F8013C09F1FF399BE7FE
:1034300019801EE7B2F90010084668E72D20002A1F
:10344000A26084F8430002DB23F0040323600A2512
:1034500005484942AE46CEE7037884F8423004F18D
:1034600042097EE7606842E7A4B10060B8B100603D
:10347000704700BF704700BF70B5B1F90C300C4603
:10348000990796B007D504F147030122C4E9043235
:10349000236016B070BDB4F90E100029054629DB73
:1034A0006A4605F00BF9002822DB4FF480612846BC
:1034B000019EFFF7A1FB88B3A389206043F080033E
:1034C00006F47046A381B6F5005F4FF48063C4E94B
:1034D0000403DED1B4F90E10284605F0FBF80028ED
:1034E000D7D0A38923F0030343F00103A381D0E7DE
:1034F000B4F90C3013F0800F14BF40264FF48066EF
:1035000031462846FFF778FB40B1A389206043F09D
:103510008003C4E90406A38116B070BDB4F90C3071
:103520009A05B6D423F0030304F1470243F00203E3
:103530000121C4E90421A3812260AAE770B50C46E9
:10354000B1F90E10002996B015461E460FDB6A46EB
:1035500005F0B4F800280ADB019B03F47043A3F5DF
:103560000053B3FA83F34FF480625B0908E0A28949
:1035700012F0800F4FF0000314BF40224FF480621E
:10358000002033602A6016B070BD00BF10B50C4635
:10359000B1F90E1005F07AF8002803DB636D0344DF
:1035A000636510BDA38923F48053A38110BD00BFC0
:1035B000002070472DE9F0410C46B1F90C101F4670
:1035C000CB05054616460BD421F48051A1813B461C
:1035D000B4F90E1032462846BDE8F04105F05DB85A
:1035E000B4F90E100223002205F055F8B4F90C10BE
:1035F000EAE700BF10B50C46B1F90E1005F04BF824
:10360000B4F90C30421C0EBF23F4805343F48053B2
:103610006065A38110BD00BFB1F90E1005F03FB881
:1036200051F8043C181F002BBCBF0B58C018704742
:1036300070B50C46084D03460026204611461C4630
:103640002E6005F051F8431C00D070BD2B68002B94
:10365000FBD0236070BD00BF4419002005F04CB8BA
:1036600010B5074C01F046FE204606220D2105F05C
:1036700091FC20460122BDE810400D2105F07CBCE4
:1036800000400042044A506842F6DF6153681B1A4A
:103690008B42FBD9704700BF001000E003280DD813
:1036A0000E290BD8062A09D8C1EBC101692303FBF7
:1036B00000100244024B33F812007047012070479B
:1036C00094A80060FFF7EABFA0F58072B2F5F85F3A
:1036D00003461FD213F4805F00F4007103F480628C
:1036E000C0F3002003F400630AD0000109B140F0E8
:1036F00020000AB140F040006BB140F080007047FC
:1037000009B140F002000AB140F004001BB140F0E2
:10371000080070470020704710B50C46FFF7D4FF33
:103720002346BDE810401847A0F1E003072B10B571
:10373000044600D940B905492046FFF7EDFFE0B245
:10374000BDE8104000F0E4B90149F6E7193D00601A
:103750003D41006010B50446C0B200F05BFAA4F130
:10376000E003072B00D92CB903492046BDE81040DF
:10377000FFF7D2BF0149F8E72B3D00604F410060E1
:1037800038B505460C46FFF7CFFF1CB92846FFF7B2
:10379000E1FF38BD0A20013C04F0C7FAA4B2F4E707
:1037A00008B539280CBF50210021FFF7E9FF08BDFB
:1037B000012070470120704708B5FFF7FBFF08BDE7
:1037C000012070470120704708B5FFF7FBFF08BDD7
:1037D0007047704708B5FFF7FCFF08BD0120704730
:1037E0007047704713B502AB03E903000F4B1B781A
:1037F000B3B99DF8053073B16AB100F0EBFD044632
:103800000146009800F0B2FD0099204602B0BDE8E4
:10381000104001F0C9BB009800F0C4FD0446F3E776
:10382000009800F0D7FD0099F0E700BF5019002084
:10383000034610B400885C880A4640EA0440998830
:1038400010BCFFF7CFBF10B501210446FFF7F0FF12
:103850002146FFF7ADFF30B101212046FFF7E8FF19
:103860002146FFF7A9FF00F0010010BD38B5002187
:103870000446FFF7DDFF21460546FFF7A9FF214675
:103880002846FFF7A7FF38BD38B501210446FFF7EA
:10389000CFFF21460546FFF793FF40B32146284658
:1038A000FFF792FF18B32146284601F0A3FFF0B1BD
:1038B0002146284602F004FFC8B12146284602F0FE
:1038C00071FAA0B12146284602F046FA78B12146A5
:1038D000284601F06DFC50B12146284601F078FCE5
:1038E00028B121462846BDE8384001F08EBC0020B2
:1038F00038BD012303FA00F080B200F09ABC10B585
:1039000004460120A04080B201F066F92046BDE8DF
:103910001040FFF7EEBF0120704708B5FFF7FBFF2F
:1039200008BD10B5044600F033FC2046FFF756FFF3
:103930002046FFF7F2FFBDE8104040F6C41004F047
:10394000F4B908B50120FFF7ECFFBDE8084003F02B
:10395000B4B908B50020FFF7E4FFBDE8084003F064
:10396000B3B908B5FFF73CFF03F009F9BDE808401B
:1039700000F07AB808B500F07CF8FFF732FFBDE838
:10398000084003F001B9012070470000C24310B5A0
:10399000D4B212F0010218BF01221A214FF0844064
:1039A00005F0EAFA14F002020C4818BF01220C21BB
:1039B00005F0E2FA14F0040218BF012219214FF0B9
:1039C000844005F0D9FA14F0080218BF0122BDE8BE
:1039D000104018214FF0844005F0CEBA004000425C
:1039E00038B50546FFF7CFFF044610B12846FFF76C
:1039F000CDFF204638BD000010B50622174C1A2115
:103A00004FF0844005F0C6FA01221A214FF084409D
:103A100005F0B2FA204606220C2105F0BBFA20463A
:103A200001220C2105F0A8FA062219214FF084404A
:103A300005F0B0FA012219214FF0844005F09CFAFC
:103A4000062218214FF0844005F0A4FABDE810408A
:103A5000012218214FF0844005F08EBA0040004248
:103A600008B5FFF7BDFF08BD08B50020FFF7F8FF58
:103A700008BD08B502F080FEFFF7F2FF08BD0000A8
:103A800010B502F079FE074B1A788242044607D03F
:103A9000187003F0DBF8044B18602046FFF7E0FFD6
:103AA00010BD00BF481900204C1900201FB56C46FE
:103AB00084E803009DF805300BB100F03BFF0023C4
:103AC000ADF80E3094E80300ADF80C10C9B20290C6
:103AD00002AC29B994E8030000F07AFE04B010BDEE
:103AE0002046FFF7B0FE0028F4D1F7E70379012B59
:103AF00002D1008800F090BC704708B529B102F0EF
:103B0000E7FABDE8084002F0C1BB02F033FBF8E77A
:103B100010B5044600287AD0822813D102F036FE70
:103B2000810774D4392002F027FF00F0A1FF4FF481
:103B3000487004F0FAF8392002F03CFFBDE810406C
:103B400000F096BF83280ED102F020FEC2075ED49B
:103B5000532002F011FF00F08BFF4FF47A7004F055
:103B6000E4F85320E8E784280ED102F00FFE430763
:103B70004DD4472002F000FF00F07AFF4FF47A7036
:103B800004F0D3F84720D7E7031FDBB2A02B10D8EF
:103B900002F020F800283AD1204602F07DFE20B144
:103BA000204602F007FF00F063FF204602F0E4FE2B
:103BB000C4E700F12003DBB2072B07D800F00704AD
:103BC0000120A040C0B200F083FEB7E700F15B0324
:103BD000DBB2022B05D82438BDE8104080B202F0D9
:103BE000FBBD00F15803DBB21A2B06D8084ABDE82A
:103BF000104032F8130002F00BBE3334E4B2122C42
:103C000005D802F065FABDE8104002F03FBB10BDD8
:103C100020AC006008B5034600285AD082280FD196
:103C200002F0B4FD810754D5392002F0A5FE00F062
:103C30001FFF392002F0BEFEBDE8084000F018BFAB
:103C400083280AD102F0A2FDC20742D5532002F018
:103C500093FE00F00DFF5320ECE784280AD102F018
:103C600095FD430735D5472002F086FE00F000FFA2
:103C70004720DFE7021FD2B2A02ADBD900F12002E1
:103C8000D2B2072A07D800F0070301209840C0B23B
:103C900000F026FED0E700F15B02D2B2022A04D87F
:103CA000BDE80840002002F097BD00F15802D2B2F2
:103CB0001A2A04D8BDE80840002002F0A9BD333319
:103CC000DBB2122B05D802F055FABDE8084002F02D
:103CD000DDBA08BD70B50C460546FFF719FF8CB17B
:103CE00042F2107640F2E73000214FF47A7200235E
:103CF000E6FB0401FDF712FE04F017F82846FFF773
:103D000089FF70BD0120F7E708B539280CBF5021A5
:103D10000021FFF7DFFF08BD08B528B100F0D8FD8E
:103D2000BDE8084000F0A4BE08BD08B528B100F009
:103D3000D7FDBDE8084000F09BBE08BD2DE9F84363
:103D40008779457981460C4600F0B2FD3F09064669
:103D500008B32E46FDB1C4F3072303F0F002402A56
:103D60000CD0E1B201F12002D2B2072A25D903F02A
:103D7000E003202B02D101291FD907B3A54B5E78A0
:103D800016F0040607D0022000F0AEFE00F090FD11
:103D900080F00106F6B2C4F303330B2B3DD8DFE805
:103DA00013F01000100054005400AE00C5003C0099
:103DB0003C00CA002E01420142010026EBE73E46CC
:103DC000E9E7C4F30723C4F303270F2B88BF3F01A0
:103DD000E4B285B157B104F12003DBB2072B3846BA
:103DE00000D92CB900F074FD00F042FE20464CE0F2
:103DF00000F090FDF8E72046FFF70CFF6FB104F1EB
:103E00002003DBB2072B384600D914B900F068FD57
:103E100001E000F087FD00F02BFE002E00F059813C
:103E200000F03EFD10F0010040F0538189F80500DC
:103E300000F030FD00F032FA484600F061F900F081
:103E400029FDBDE8F84300F035BAC4F3072303F0B9
:103E5000F003C4F30328202BE4B218BF4FEA08187C
:103E60002CB1012C34D0002D3CD0DFB1BEE7694B22
:103E70005B78580714D45DB1B8F1000F04D0404608
:103E800000F026FD00F0F4FD0020FFF741FEC4E73E
:103E90002846FFF7BFFEB8F1000FBED04046B5E799
:103EA00055B11FB94046FFF737FFB6E7012FB4D130
:103EB000404600F065FDB0E7002FAED14046FFF769
:103EC00034FF404600F06AFD404600F045FDA4E79F
:103ED00015B1052FA1D8E5E7042F9ED84046FFF77E
:103EE00024FF9AE7002FF9D0392C0CBF4FF448700B
:103EF000012003F01AFF2046FFF78CFE8DE714F433
:103F0000406FC4F3812307D0012B86D165B1C4F380
:103F1000090002F07DFC80E725B1C4F3090002F03E
:103F20005BFC7AE72846FAE72846F2E72946E0B242
:103F3000FFF7E3FD71E714F4407F2ED1F5B9C4F328
:103F40004213E1064FEA830348BF0F25DBB248BFA7
:103F50009D4004F00F0248BFED4302FA03F2C4F3A0
:103F6000812448BFADB292B2022C45EA02000ED0C5
:103F7000032C0FD0012C07D000F066F902F0FCFBF7
:103F8000BDE8F843FFF76CBD00F056F9F6E700F026
:103F900063F9F3E700F04DF9F0E7C4F3012215B33C
:103FA000D207EBD5C4F3421314F010004FEA830399
:103FB00018BF0F20DBB218BF984004F00F0218BFE3
:103FC000C04302FA03F2C4F3812418BF80B292B254
:103FD000022C40EA02000CD0032C0DD0012C05D09D
:103FE00000F086F9CAE7012AC8D9DBE700F078F9C2
:103FF000C4E700F085F9C1E700F03CF9BEE7E6B29E
:10400000C4F3032445B1204600F048F93046FFF7D9
:1040100083FEB3E7002F00203046FFF786FE2046E0
:1040200000F048F9AAE7E6B2A6F1F003042B38D86D
:10403000DFE803F003210D141D0035B1042F9DD8D6
:10404000C4F3042000F040F998E7052FF7E7C4F324
:104050000420002DE4D100F021F98FE725B1C4F34D
:10406000042000F014F989E700F00EF986E71A4BF6
:104070005B785B0704D4C4F30420002DD0D0EAE7BA
:104080002DB10321C4F3042000F00CFD76E70120DC
:1040900000F02AFD012F7FF671AF022000F024FD11
:1040A0006CE73DB11FB13046FFF732FD66E7C4F360
:1040B0000420D0E757B1392E0CBF4FF448700120CF
:1040C00003F033FE3046FFF7A5FD57E7C4F30420A5
:1040D000A6E7BDE8F88300BF002F002038B50188AF
:1040E0000446407900F0A4F9054600F011F900F00B
:1040F0009FF829462046BDE83840FFF71FBE000064
:10410000037910B50446B3B1FFF7BEFB68B900F000
:10411000CFFB80B1637973B1074B5B785B070AD53E
:10412000BDE81040022000F0DFBC2046FFF7D6FFBC
:104130002046FFF79BFB10BD002F002008B528B1DB
:1041400000F0E8FBBDE8084000F092BC08BD08B5EF
:1041500028B100F0E7FBBDE8084000F089BC08BDCD
:1041600008B5002002F038FB002002F051FB00F0FF
:10417000E1FB00F07DFC02F0A5F8BDE8084002F08C
:1041800085B808B502F034FCBDE80840FFF7E8BF89
:1041900008B500F0B3FBBDE80840FFF7F2BFC0F37D
:1041A0000333062BC2B213D094BF0E33063303F091
:1041B0000F03012B10D8F02A10D004D8E72A8CBFA7
:1041C000002001207047F42A14BF0020012070470E
:1041D000E72A03D9F12AF7E700207047012070474A
:1041E00008B50346007930B1188800F015F9BDE82C
:1041F0000840FFF7D4BF08BD82B002AB03E903005B
:1042000002B0704782B002AB03E9030002B070470E
:10421000704708B5FFF7FCFF08BD704708B5FFF70A
:10422000FCFFFFF7F6FF014B188008BD8C1900203A
:104230007047FFF7F3BF0000024B1B881843FFF7DE
:10424000EDBF00BF8C190020024B1B881840FFF700
:10425000E5BF00BF8C190020024B1B885840FFF7B8
:10426000DDBF00BF8C190020704708B5FFF7FCFFC9
:1042700008BD704708B5FFF7FCFFFFF7F6FF014BDD
:10428000188008BD8A1900200020FFF7F3BF012322
:1042900003FA00F080B2FFF7EDBF0000012303FA3C
:1042A00000F0034B1B88184380B2FFF7E3BF00BF49
:1042B0008A190020034A01238340108820EA030062
:1042C000FFF7D8BF8A190020012303FA00F0034B3F
:1042D0001B88584080B2FFF7CDBF00BF8A1900206D
:1042E000024B1B881843FFF7C5BF00BF8A19002087
:1042F000024B1B881840FFF7BDBF00BF8A19002082
:10430000024B1B885840FFF7B5BF00BF8A19002039
:10431000704701F0070330B5C908012402EB8102A0
:104320009C40E4B2013A002112F8015F20FA01F347
:1043300043F300036B40234001315D4004291570B5
:10434000F2D130BD10B5002200F00704C00801EB27
:10435000800110468B5CE34003F00103934001327F
:104360001843042AC0B2F5D110BD000017B4ADF84F
:104370000400C0F307200E280C460DD89DF8043029
:10438000062B09D8C0EBC0000344054A99B2204669
:1043900003B010BCFFF7BDBF03B010BC704700BF37
:1043A0005119002082B0ADF80400C0F307200E2898
:1043B0000BD89DF80430062B07D8C0EBC00018447A
:1043C000034980B202B0FFF7BDBF002002B07047C2
:1043D000511900200E4B73B51D880E4BADF804002B
:1043E0001B881D43ADB20F2445FA04F3DB0705D447
:1043F000013CF9D20026304602B070BDE6B2019908
:10440000304600F0E2FD80B20128F1D0F3E700BFB2
:104410008A1900208C19002007B5ADF80400019816
:10442000FFF7D8FF019903B05DF804EB00F0CDBDB4
:1044300013B5104BADF804101B782BB1019802B0E6
:10444000BDE81040FFF7E8BF70B10198FFF7C2FF69
:10445000044601460198FFF789FF0199204602B002
:10446000BDE8104000F0B1BD0198FFF79BFF044686
:10447000F3E700BF50190020F8B50C4B0C4E1C7828
:104480000C4D3378A34200D1F8BD05EBC40335F8D9
:1044900034005F889A88D98840EA074042EA01419F
:1044A0000134FFF7AFFE04F00704EAE78E1900209D
:1044B0008F19002090190020064B10B418885C88D2
:1044C0009A88D98840EA044042EA014110BCFFF7CB
:1044D00099BE00BFD01900201B48F8B583790F2B77
:1044E0000AD8437943B1194B194A1B7815780688C5
:1044F0004788184CAB4200D1F8BD04EBC3011AB297
:104500000979E1B134F83220B24218D104EBC30189
:104510004A79A2B94A88D21B92B2C72A0FD88379A6
:10452000012262F3071383718B79074862F3071343
:104530008B71FFF7E5FDBDE8F840FFF79DBF013344
:1045400003F00703D6E700BFD01900208E19002022
:104550008F19002090190020F0B50D4B0D4C1B78E1
:1045600026780D4CB34201D10020F0BD04EBC30509
:104570006F788F4206D114F83370874202D16D797B
:10458000954203D1013303F00703EBE70120ECE789
:104590008E1900208F190020901900202DE9FF4767
:1045A0008A4DE9460446014606224846FDF7AEFB21
:1045B0002B7994F8008061786779B4F802A02279A9
:1045C000C3B9002A00F0C780002F00F0F680204613
:1045D000FFF706FE002800F0F0800822214628465A
:1045E000FDF794FB2846FFF781FAFFF775FFFFF709
:1045F00063FFB0E06B886E79AAEB03039BB2002ED9
:1046000000F0AB80C72B00F28480002A00F0A3806A
:10461000AB79288822880F2B4ED8904211D1002FD9
:1046200045D1012262F30713AB71FFF745FF28461E
:10463000FFF766FDAB79A3710025284604B0BDE8FD
:10464000F087A7BB3A464046FFF786FF4046FFF794
:1046500083FF05460028EFD10098FFF7DDFEC0F389
:104660000332032AC3B208D8012A10D910F4706F9C
:1046700012D0A2790F2A0FD8DFE7063202F00F021C
:10468000012A0ED92046FFF73BFD3546D5E710F449
:10469000706F01D0002BD0D02033DBB2072BCCD9E8
:1046A000F0E7EF2BC9D90F33DBB2022BF7E7AB7979
:1046B00043F00103AB71BFE790420AD14FB92046E6
:1046C000A371FFF71DFD082221462846FDF71EFBBA
:1046D0008DE72046FFF784FD00286ED0002F6CD0B8
:1046E000AB791F2B0FD92A88ADF808202A798DF8CD
:1046F0000C2002A80022ADF80AA08DF80D208DF83C
:104700000E30FFF7FDFC082221463048FDF7FEFA87
:104710006BE7AB790F2B0ED899E80300FFF76CFD20
:104720002846FFF7EDFC082200212846FDF79CFAF9
:10473000FFF7C2FE80E772B1298822889142C8D172
:10474000002FC6D12046A371FFF7DAFC08223946B4
:104750002846FDF789FA01256FE7C72B31D8002AD3
:10476000F9D057B32A8823889A421DD1AB79DA074A
:1047700014D40F2B12D9A37103F0F003F02B06D041
:10478000A379C3F30312013262F30713A371204626
:10479000FFF7B6FC0D480822214697E7082221467C
:1047A0000A48FDF7B3FAD6E72046FFF719FD0028BF
:1047B000A9D1AB7943F00103AB712046FFF7A0FC10
:1047C000C9E799E80300FFF717FDACE7D01900200F
:1047D000F0B585B06C4684E803002046FFF7DEFEA6
:1047E000284F294D064668B19DF804301BB194E866
:1047F0000300FFF707FD254C28783B78834226D13C
:1048000005B0F0BD94E8030002AB83E803009DF817
:10481000041038782A780029EDD0441C04F00704ED
:1048200094420AD01946194B082203EBC000FDF749
:104830006DFA3C70FFF720FEDDE7FFF7A9FC0822C8
:10484000314613483E702E70FDF70EFAD3E704EBA5
:10485000C000FFF7A3FE0028D2D02B7834F8330035
:1048600004EBC3035E889A88D98840EA064042EA8E
:104870000141FFF7C7FC2B78013303F007032B70CE
:10488000BAE700BF8F1900208E1900209019002070
:10489000D0190020014B1878C0087047001A00207A
:1048A000024B187800F00700704700BF001A002084
:1048B000034B187810F0070018BF0120704700BFA5
:1048C000001A0020014B1878704700BF2C1A0020F6
:1048D000024B1A7810431870704700BF2C1A002042
:1048E000024A137823EA0003137070472C1A002041
:1048F000014B1870704700BF2C1A0020014B00229A
:104900001A7070472C1A0020014B1878704700BFAE
:104910002B1A0020024B1A7810431870704700BF02
:104920002B1A0020024A137823EA00031370704701
:104930002B1A0020014B00221A7070472B1A0020FE
:10494000014B1878704700BF021A0020704708B565
:10495000FFF7FCFF08BD000008B5054A13780342C5
:1049600004D023EA00001070FFF7F1FF08BD00BF7C
:10497000011A0020704708B5FFF7FCFF08BD0000D2
:1049800010B505490B7830EA030403D003430B70DC
:10499000FFF7F1FF10BD00BF021A002008B5054A5D
:1049A0001378034204D023EA00001070FFF7E3FFFE
:1049B00008BD00BF021A002008B5044B1A781AB1CE
:1049C00000201870FFF7D7FF08BD00BF021A0020B3
:1049D00010B5084B1C78084B1B781C43074B1B7801
:1049E0002BB11C4301F032FF08B1FFF7E5FF204671
:1049F00010BD00BF2C1A00202B1A0020021A002024
:104A000038B50B4C2568FFF7E3FF28702468094987
:104A100008222046FDF746FA48B1214605480822FB
:104A2000FDF774F92046BDE8384001F0B3BE38BD4B
:104A3000600C0020F819002038B50B4C2568FFF7F2
:104A4000C7FF68702468094920222046FDF72AFA2A
:104A500048B1214605482022FDF758F92046BDE817
:104A6000384001F0A1BE38BD5C0C0020D8190020F0
:104A700008B501F079FE40B1064B93F90030002BE8
:104A800003DABDE80840FFF7D7BFBDE80840FFF7ED
:104A9000B7BF00BF002F0020704708B5FFF7FCFF2D
:104AA00008BD0000094A5278520710B50AD5084CD3
:104AB00041EAC0012170FFF7F1FB2078C008FFF741
:104AC000ECFF10BDBDE81040FFF7E8BB002F002051
:104AD000001A002008B5034B00201870FFF7DDFF17
:104AE00008BD00BF001A002008B50A4A137823EA5F
:104AF0000000107042070CD198420AD0064B5B7838
:104B00005B0706D5C008FFF7D5FBBDE80840FFF7F7
:104B1000E1BF08BD001A0020002F0020024609480E
:104B200008B54378C3F38001914209D062F3820350
:104B3000437000F055F8BDE808400220FFF7D4BFED
:104B400008BD00BF002F0020044B5878C0F3800040
:104B500080F0010000F00100FFF7E0BF002F00200F
:104B60000120FFF7DBBF0020FFF7D8BF002000F0D7
:104B7000B1BB08B5002000F0A9FBFFF7F7FF08BDA7
:104B80001FB500F05CFB002400F066FB01A88DF867
:104B9000044000F078FB0A4B0120188000F07CFBF9
:104BA0004FF4A05303A8ADF80C3000F080FB02A82E
:104BB0008DF8084000F086FBFFF7DBFF04B010BD66
:104BC0008C190020FFF7DCBF00F04BBB00F03ABBB4
:104BD00000F052BB00F05BBB00F05EBB00F060BBBE
:104BE00000F065BB00F067BB00F06CBB00F076BB6B
:104BF00073B50C4D02F05CF82B88834204460ED04E
:104C00000026ADF8006002F053F8ADF80460ADF88E
:104C1000020002AB13E90300FEF748FF2C8002B04C
:104C200070BD00BF2E1A002008B502F00FF8024B2D
:104C30001860024B186008BD441A0020401A00207A
:104C40007047704708B5FFF7FCFF08BD704708B50F
:104C5000FFF7FCFFFFF7F6FF08BD704708B5FFF749
:104C6000FCFF08BD704708B5FFF7FCFFFFF7F6FF34
:104C700008BD01207047000008B5054800F034FB6E
:104C800000F04EFDFFF7DCFFBDE80840FFF7DFBF97
:104C9000AD5100600120704708B5FFF7FBFF08BD6C
:104CA00070477047704708B5FFF7FAFFFFF7F9FF45
:104CB000FFF7F8FF08BD000008B5FFF787FF08B948
:104CC000FFF780FF0748FFF783FF0748FFF786FFDE
:104CD000FFF780FFFFF7ADFA044B1888BDE80840E6
:104CE000FFF7C3BA481A0020002F00208A190020BD
:104CF00008B501F0A9FF00F08BFBFFF7DDFFFEF721
:104D00007BFE00F0D7FDBDE80840FFF7ACBF000018
:104D10002DE9F04F85B0FFF7ACFF40B9FFF768FF12
:104D200001F0F8FA05B0BDE8F04FFEF7A9BE2D4F2F
:104D300000F088FB3E46002420460134E4B216F819
:104D4000015B00F0DDFA0F2C48D08542F4D0264BF1
:104D50001B789B0701D500F0D9FAFFF79DFF4FF0B4
:104D6000000800904FF0010A5FFA88F9484600F009
:104D7000C7FA17F8013B9842044627D04340DBB2FC
:104D8000002501260DF1080B334217D0009AAAB175
:104D900001938DF808508DF8099001F089FF344295
:104DA00014BF01210021ADF80A008DF80CA08DF888
:104DB0000D109BE80300FEF779FE019B0135EDB273
:104DC0007600072DF6B2DFD107F8014C08F1010893
:104DD000B8F10F0FC8D1FFF727FFA1E78542B6D181
:104DE0009CE700BF301A0020481A002038B500F0B8
:104DF000F7F8B0F5A44F044643D2B0F5A04F80F0C9
:104E0000AE80DF2816D8CC2800F28C80A7280AD8DC
:104E1000A42879D8012804D0031F9BB2A12B28BF56
:104E20000024204638BDA0F1A8039BB21A2B71D9EB
:104E30000024F6E7B0F5804F19D2B0F5005F80F09E
:104E4000A180E728EDD9A0F580739BB2B3F5F85F98
:104E5000EED2C0F3072000F047F90546E0B200F0BB
:104E6000BFF82D0205F4F85540EA050450E0C0B241
:104E700000F0B6F804F47064204340F4204084B29B
:104E8000CFE7B0F5A54F22D245F25F23984253D821
:104E900045F23F2398420FD845F21F23984244D849
:104EA00000F003040123C0F38502A34043EA421348
:104EB00043F40D439CB2B4E700F003040123C0F3B4
:104EC0008202A34043EA421343F40C43F2E745F263
:104ED000BF2398420AD845F29F23984200F01F0052
:104EE00035D84AF2F40343EA00249AE7A0F5A54333
:104EF000403B9BB21F2B9BD8040204F4F85444F4AB
:104F0000204444F0F0048CE7A0F1240444F48044ED
:104F1000A4B286E75834234BE4B233F8144044F487
:104F200088447EE740F4A044F2E700F01F044AF210
:104F3000F10343EA042474E700F003040123C0F3FF
:104F40008202A34043EA421343F40A43B2E700F06B
:104F5000CBF8040204F4F85444F4005461E700F080
:104F60001F0000F0C1F8C30648BF0001C4F343149A
:104F70004FEA04244CBF00F0F00000B2044344F4B4
:104F80001044C5E7C0F3042000F0AEF80546E0B2D7
:104F900000F026F82D0205F4F855054345F40055B8
:104FA000ACB23EE756AC006082B0ADF80410C1F37D
:104FB00007210E2906D89DF80420062A02D802B03F
:104FC000FEF780BB002002B0704707B5ADF80410B3
:104FD0000199FFF7E9FF03B05DF804EBFFF706BFA7
:104FE000E7284FD8DF2807D8312864D00ED82928E1
:104FF00057D02A2866D07047A0F1E003072B41D88C
:10500000DFE803F01540232831403C41392804D023
:10501000822802D035283FD07047324B1A78920749
:105020001FD15B7813F0080F18BF292070472D4A55
:105030001378D9074DD4527812F0010F22D013F013
:10504000100F14BF0020E3207047264B1B7813F08D
:10505000040FF3E7234A137859073CD45278D20758
:10506000EDD5E02070471F4B5A7891070AD51B7881
:1050700013F0100F14BF0020E7207047194B1B7866
:105080001A07F5D47047174A1378190725D45278B0
:105090009107EDD5E4207047124B1B7813F0200FD9
:1050A000C2E7104B1A78920619D45B7813F0080FF8
:1050B00018BF392070470B4B1B7813F0400F18BFF7
:1050C0002A207047074B1B7813F0400F18BF312080
:1050D000704739207047E2207047E620704735203E
:1050E000D0E700BF002F002010B52F4C21784B07D0
:1050F00013D500F01402A2F1040C00F01803DCF147
:10510000000242EB0C02A3F1080CDCF1000343EBBC
:105110000C039A4218BF80F00C000B0713D500F067
:105120001402A2F1140C00F01803DCF1000242EBAF
:105130000C02A3F1180CDCF1000343EB0C039A42C0
:1051400018BF80F00C006478E30713D500F011025B
:1051500002F1FF3C00F01803DCF1000242EB0C020C
:10516000A3F1080CDCF1000343EB0C039A4218BFD7
:1051700080F00900A30711D500F0110200F0180318
:10518000A2F111046242A3F1180C6241DCF10003A8
:1051900043EB0C039A4218BF80F00900CB0648BFCE
:1051A00000F0E70010BD00BF002F00200020704776
:1051B000A0F5A543603B1F2B10B507D84C791CB94F
:1051C00000F01F00FEF79BFB204610BD0124FBE70B
:1051D00008B503464879B0B147F65B4293420FD019
:1051E00047F65C42934204D047F65A42934204D0B9
:1051F00008BDFFF7A9FC0020FAE7FFF7B1FCFAE7CA
:10520000FFF7B1FCF7E70120F2E708B5034648795C
:1052100098B147F6014293420CD047F603429342BD
:1052200006D0B3F5F84F02D1FEF78BFB002008BD86
:10523000FFF7CAFCFEF78DFBF8E70120F7E7002037
:1052400000F078BA08B5002000F001FA4FF6E363E9
:10525000C31A5842584108BD4FF6E361002000F0E0
:1052600043BA08B5002000F065FABDE808404FF6E3
:10527000FF71002000F038BA10B50446022000F09B
:10528000D7F9207010BD0178022000F01FBA08B5D0
:10529000032000F0CDF908BDC1B2032000F016BA1A
:1052A00010B50446042000F0D2F9208010BD01881A
:1052B000042000F019BA10B504460C2000F0B8F92B
:1052C000207010BD01780C2000F000BA01460F20BC
:1052D00000F018BA0146132000F014BA01460E205F
:1052E00000F0F4B900207047014B1860704700BF10
:1052F000640C00207047704708B5FFF7FCFF08BD3D
:10530000014B185C704700BF112F00207047704799
:1053100008B5302383F311880322C1B26FF30B0069
:1053200003F038FE002383F3118808BD38B50C4D17
:105330000F2455F8040B421C01D0FFF7E9FF013C94
:1053400014F0FF04F5D1074D072455F8040B431C56
:1053500001D0FFF7DDFF013C14F0FF04F5D138BDAB
:10536000A8AC00608CAC00602DE9F84FDFF89480A9
:1053700058F821400D46611C074637D0302383F38F
:105380001188DFF8849004EA0906E4B22146304629
:10539000062203F0FFFD21460022304603F0ECFD1B
:1053A000002484F31188FFF7B2FFDFF860B007260E
:1053B0004FF0010A5BF8040B421C19D10023013E97
:1053C00023434FEA4A0A16F0FF06DCB25FFA8AFA74
:1053D000F0D158F82500431C01D0FFF799FF211E9A
:1053E00018BF01212846FEF74DF97C55BDE8F88F1E
:1053F000C1B200EA090003F0B5FD0028DED1534632
:10540000DDE700BFA8AC006000F0FFFF8CAC0060DF
:1054100010B50F24FFF78AFF224600210748FCF74A
:1054200023FC224600210648FCF71EFC204600F023
:1054300037F8BDE81040FEF713B900BF112F002068
:10544000022F002030B585B00F2200216846FCF7FE
:105450000BFC0024E1B268460134FFF785FF0F2CF6
:10546000F8D10D4822466946FCF71CFD002814BF00
:105470000125002504D0084822466946FCF746FC71
:10548000064905482B460F2200F01AF80446FFF79C
:1054900033FF204605B030BD022F0020112F002021
:1054A00010B5C0EBC0042046FCF7CAFC034B2246F3
:1054B0000021BDE810401860FCF7D6BB501A002050
:1054C0002DE9F04F494C4A4D2778DFF8288185B007
:1054D0001E4600230290039101922B70002F00F0D2
:1054E000818001F0B3FB444B19681860411AFF2911
:1054F00042D8C9B1414B0022D3F800C02270C9B2D2
:1055000088F800209146964693460198D3B2984277
:1055100034D8B9F1000F02D0012388F80030BEF171
:10552000000F01D00123237046B93E4698F80030A1
:10553000F3B11EB901F08AFB2F4B18602F4A0023EC
:1055400088F80030D2F80080039A9C46561E4FF02F
:1055500001094FF0140A0198DAB2C3EBC30190427B
:10556000414421D8BCF1000F02D001232B702370DD
:10557000287805B0BDE8F08FFF21BBE70CF1FF33C1
:105580000CF1060A13F8010F40B1814233BF401AF3
:1055900083F800B0B946187038BFBE465345F1D104
:1055A0000CF1070C0132B0E7029A7078D75C002248
:1055B000474009FA02FE1EEA070F5FFA8EFB0AD087
:1055C00011F802E0BEF1000F05D101F802A08BEA4C
:1055D00000004FF0010C0132072AEAD106F8010F52
:1055E0000133B8E7002EA1D0A4E700BF4B1A00207A
:1055F000491A00204A1A00204C1A0020501A002094
:10560000FFF786BB08B501F0E4FA01F05CFDFFF797
:1056100033FB01F05BFDFFF76BFB01F065FD01F073
:1056200069FDFFF7EDFF01F081FDFFF73CFBF6E7B9
:1056300007B50023014601220DF107008DF8073060
:1056400000F07CF89DF8070003B05DF804FB07B597
:105650000023014602220DF10600ADF8063000F0ED
:105660006DF8BDF8060003B05DF804FB07B5042231
:10567000014600230DEB0200019300F05FF8019852
:1056800003B05DF804FB07B501228DF80710014651
:105690000DF1070000F06AF803B05DF804FB07B5F0
:1056A0000222ADF8061001460DF1060000F05EF88A
:1056B00003B05DF804FB07B50422019101460DEB30
:1056C000020000F053F803B05DF804FB38B50C4657
:1056D0000546FFF7ADFFA04205D021462846BDE8AC
:1056E0003840FFF7D0BF38BD38B50C460546FFF748
:1056F000AEFFA04205D021462846BDE83840FFF75E
:10570000CEBF38BD38B50C460546FFF7AFFFA04207
:1057100005D021462846BDE83840FFF7CCBF38BD4C
:1057200070470000024828220021FCF79DBA00BF04
:10573000541A002008B1FFF7F5BF704770B50D4649
:10574000144600210646FCF78FFA2B19282B88BF38
:10575000C5F128043CB10449224629443046BDE83D
:105760007040FCF7D3BA70BD541A00200B461144A8
:10577000282988BFC3F1280222B1014602481844F3
:10578000FCF7C4BA704700BF541A002008B50304E0
:1057900005D54B791BB100F004F800F023F8012087
:1057A00008BDB0F5404F70B5044619D3FFF78AF82D
:1057B0000546FFF7A9F80543FFF7C2F8EDB2064624
:1057C00000F0E4FF354315F0220F14BF012300233E
:1057D000C0F34000834214BFC4F3C61404F07F0436
:1057E000E0B270BD024B53F8200000F033B900BFA7
:1057F000DCAB006038B54B7904460D468BB1FFF742
:1058000061F8A4F5F843303B00F02200072B08D8DC
:10581000DFE803F0040D1216181A1C1E48B100F040
:105820006EF829462046BDE83840FFF7AFBF002894
:10583000F5D000F061F8F4E7002000F051F8F0E74F
:105840000120FAE70220F8E70320F6E70420F4E756
:105850000520F2E70A4A1278022A03460ED10928E7
:105860009FBF0933DBB20A22B3FBF2F19ABF02FBFE
:1058700011305930981FC0B2FEF746BA00F0B9BED9
:10588000212F0020704708B5FFF7FCFF08BD00007E
:1058900010B5064B064C00221A70204601232370D7
:1058A000FFF7A2F92078FFF7EEFF10BD7C1A002069
:1058B000212F002010B5084C2046FFF793F92378DC
:1058C000012B064B4FF000021A701CBF01232370FE
:1058D0002078FFF7D8FF10BD212F00207C1A002070
:1058E00010B5044603480470FFF77EF92046FFF721
:1058F000CAFF10BD212F00200120FFF7C9BF4FF0C4
:10590000FF30FFF7C5BF000038B5244D244C00F030
:105910003DFF2B782070012B05D1C3B29A0702D529
:105920003920FEF7F1F9FEF7CDFF1E4B1870FEF798
:10593000E5FFFEF7FFFF2B78052B07D8DFE803F024
:10594000030B10062025E220FEF7E2F8BDE8384000
:10595000642002F0EAB94FF44670FDF721FFF5E745
:105960002378DB0702D45320FEF7CEF9E220FEF7BE
:10597000CFF8642002F0D9F95720FEF7C5F9E5E722
:10598000E620FEF7C1F91820F7E740F21B10FDF7FB
:1059900007FF2520FDF704FF2820DEE7212F002048
:1059A000202F0020222F002008B5164B1B78052B36
:1059B00007D8DFE803F0030C17062022E220FEF7E9
:1059C00029F9114B1878BDE80840FEF791BF2C204B
:1059D000FEF79AF90D4B1B789A07F2D53920FEF79E
:1059E00093F9EEE7E220FEF715F9084B1B78DB0789
:1059F000E7D45320F3E72820F1E72820FDF7D0FE75
:105A0000DFE700BF212F0020222F0020202F0020C1
:105A1000F8B50F4B06461F7807250123AC0026FA80
:105A200004F404F00F0433B1042F09D1092C07D971
:105A30000020FFF70FFF2046FFF70CFF002303E0D5
:105A4000002CF8D1032DF6DD013DE7D2F8BD00BFF3
:105A5000212F0020B0F5881F38B5044606D2B0F5D6
:105A6000803F04D30E4D2B78022B04D138BDFFF7B5
:105A70004BFF20460FE0FFF747FF2B78002BF8D1B4
:105A8000A4F58034A00A00F55840C4F30904FFF7D8
:105A9000BFFF04F55C40FFF7BBFFFFF785FFE5E7BD
:105AA000212F002008B5431F3E2B00F28680DFE83F
:105AB00003F02D243022848422848451845D6984FF
:105AC00084848422848422844084848282828282A8
:105AD0008282828275842D20848484848484848458
:105AE000848475848422847B7B7B7B7B7B7B7B7B38
:105AF0007500FFF767F8012008BD314A137823F0DD
:105B00000F0313702F4B01221A70F4E7FDF719FFF2
:105B1000F1E72B4A1378C3F3000181F0010161F32F
:105B200000031370D9B2DB07E5D421F00E03137024
:105B3000E1E723490B78C3F3400282F0010262F3EC
:105B400041030B7013F0020FD5D01D4A137843F0B8
:105B50000103ECE71A490B78C3F3800282F00102DB
:105B600062F382030B7013F0040FEDE714490B7816
:105B7000C3F3C00282F0010262F3C3030B7013F09F
:105B8000080FE1E7FEF704FB0F490B78C3F3C012DF
:105B900082F0010262F3C7130B70ACE70120FEF73D
:105BA00048FBFEF7F5FAA6E73938C0B2012303FA3D
:105BB00000F080B2F3E71D38F7E700209CE700BF54
:105BC000481A0020851A0020002F0020002070476E
:105BD0000020704770B5574E3578012D044614D01B
:105BE000022D39D0002D40F0A280FEF76BFE222856
:105BF00026D12046FFF7EAFF28B92046FFF752FFDB
:105C000000F0010070BD0120FAE7FEF75BFE2228DC
:105C1000204609D1FFF7DAFF18B92046FFF742FF07
:105C2000054605F00100EDE7FFF7D2FF08B10120BE
:105C3000E8E7142C7BD005D80B2CF8D0102C08D01A
:105C40000020DFE7292C72D0A4F1380358425841D4
:105C5000D8E702233370EAE75228E8D84E2810D854
:105C6000272822D81D2822D8072846D01428DED17C
:105C7000314A1378002BDAD0002313702F4A1360B7
:105C8000D5E7A0F15004022C49D8DFE804F0330234
:105C90004A004FF0FF33294A1268002AC7D0117812
:105CA0000B44FF2B3FDDFF2337E02928DFE7224BA2
:105CB000A0F11D04E4B21C70013C052C17D8DFE8EC
:105CC00004F003070A0D10131C4B1D4A1A60AEE7BF
:105CD0001A4B1C4AFAE7194B1B4AF7E7174B1B4AAA
:105CE000F4E7164B1A4AF1E7144B1A4AEEE7002282
:105CF0001A709CE76FF00903CDE7114B06221A706A
:105D0000104B14221A70104B04221A700F4B0A22E7
:105D10001A700F4A012313700E4A137087E70A2383
:105D2000B9E70123B7E7002BB8BF0023F5E700234D
:105D3000337085E7851A0020841A0020801A00201D
:105D40006F0C00206E0C00206D0C00206C0C0020ED
:105D5000690C0020680C002047F61643984210B5E5
:105D60000C461BD1FEF7AEFD62790D4B72B100F00F
:105D7000AA00002813BF01220022292035201A7012
:105D800000F0FAFDFEF774FE002010BD1B78002B1A
:105D90000CBF2920352000F00DFEF3E70120F4E7C9
:105DA000861A002010B504464879002800F00E81BC
:105DB000A4F5E044A3B2222B34D88548013CFEF779
:105DC0000DFF212C23D8DFE814F07100EF007B00D9
:105DD0003400390080003E00850094004D00E6004C
:105DE0005200990057009E00CC005C00A300D50033
:105DF0006300AA00B40043008A0048008F006A00D4
:105E0000AF00C100E000E4002E007600F800704A08
:105E1000137843F0010313706D48FEF7E1FEFEF7BF
:105E2000B7F9002010BD6A4A537843F00803537055
:105E3000F2E7674A137843F00203ECE7644A137809
:105E400043F00403E7E7624A137843F00803E2E70C
:105E50005F4A537843F00103E9E75D4A537843F022
:105E60000203E4E75A4A137843F01003D3E7584A91
:105E7000137843F02003CEE7554A137843F04003EC
:105E8000C9E7FEF785F9524A137843F08003C2E769
:105E90004F4A137823F00C0343F00C03BBE74C4A42
:105EA000537823F0030343F00303C0E7484A137811
:105EB00023F00103AFE7464A537823F00803B6E71F
:105EC000434A137823F00203A5E7414A137823F0ED
:105ED0000403A0E73E4A137823F008039BE73C4AFB
:105EE000537823F00103A2E7394A537823F00203E1
:105EF0009DE7374A137823F010038CE7344A137870
:105F000023F0200387E7324A137823F0400382E727
:105F1000FEF73EF92E4A137823F080037BE72C4AE4
:105F2000137823F00C0376E7294A537823F0030310
:105F30007DE727490B78C3F3800282F00102D2B2D9
:105F400062F3820362F3C3030B7065E720494B7869
:105F5000DA4302F0010262F3000362F341034B7083
:105F60005AE71B490B78C3F3801282F0010262F3F7
:105F70008613E9E7FEF70CF915490B78C3F3C01255
:105F800082F0010262F3C713DEE70120FEF72EFE66
:105F900042E70020FAE70E490B78C3F3001282F0C3
:105FA000010262F30413CFE709490B78C3F300023F
:105FB00082F0010262F30003C6E705494B78C3F3A0
:105FC000C00282F0010262F3C303C8E7012029E79F
:105FD000002F002000EB4003C3EB031300EB830012
:105FE00083B200B2002807DA803800B2002800DA55
:105FF000FF3040F30720704703F18000F9E700000D
:10600000164B1B78D90707D5154B187840007F2809
:1060100020D808B3C0B270479A0703D5104B187840
:106020008000F4E75B0703D50D4B1878C000EEE75E
:106030000C4B1B7863B10C4A0949127808789342DB
:10604000F4D210FB03F0C000B0FBF2F080B2DEE748
:106050000820DFE77F207047012070478E1A00205C
:106060006D0C00208D1A00206C0C0020144B1B7846
:10607000D90705D5134B18788008F8B1C0B270471E
:106080009A0703D50F4B18784008F6E75B0705D54C
:106090000C4B18787F28F0D97F2070470A4B1B786B
:1060A00053B10A4A07491278087893423CBF10FB63
:1060B00003F0B0FBF2F0EDE70120DFE701207047CD
:1060C0008E1A0020690C00208C1A0020680C002019
:1060D00008B5A0F1CD03122B10D8DFE803F00A10A9
:1060E00013192E2E2E2E2E2E2E2E1C21252B363C15
:1060F0004100FFF785FF40421C4BD87008BDFFF7F9
:106100007FFFF9E7FFF77CFF4042184B9870F5E7F7
:10611000FFF776FFF9E7FFF7A9FF144B1871EDE7DA
:10612000FFF7A4FF4042F8E7FFF7A0FF40420F4B04
:106130005871E3E7FFF79AFFF9E70C4AD138517835
:10614000012383400B435370D8E7094A137843F087
:1061500001031370D2E7064A137843F00203F8E70D
:10616000034A137843F00403F3E700BF8F1A0020BB
:106170008E1A002030B5414BCD2893F9035093F986
:10618000024093F9041093F9052012D1002D01DA91
:106190000022DA70D9789A780A4351B20AB9384A9B
:1061A00011701A795B7913435AB20BB9354B1A70D7
:1061B00030BDCE2802D1002DEADCEBE7CF2804D198
:1061C000002CE7DA00229A70E4E7D02802D1002CF4
:1061D000F8DCDFE7D92804D10029DBDD00221A71C1
:1061E000D8E7DA2802D10029D4DAF7E7DB2804D18E
:1061F000002ACFDA00225A71CCE7DC2802D1002A2B
:10620000F8DCC7E7D1380E28C4D801A252F820F034
:106210004D6200604D6200604D6200604D62006042
:106220004D6200604D6200604D6200604D62006032
:106230009561006095610060956100609561006006
:106240005B62006067620060716200605A780121E1
:10625000814022EA01025A709CE70B490A7822F039
:1062600001020A7096E708490A7822F00202F8E76C
:1062700005490A7822F00402F3E700BF8F1A0020D4
:106280008D1A00208C1A00208E1A002008B500F00C
:106290000FFD094B9A78D9780A431CBF074A108032
:1062A0001A795B791A431CBF054B1880BDE808407A
:1062B000014800F085BA00BF8F1A00208A1A00201A
:1062C000881A002008B5062205480021FBF7CCFCFF
:1062D000044A00231370044A1370044A137008BD63
:1062E0008F1A00208D1A00208C1A00208E1A002090
:1062F00090F902305BB990F9033043B990F904305A
:106300002BB990F90500003818BF01207047012013
:106310007047000037B5594C062221466846FBF706
:10632000F5FC00239DF80320A370E37023716371D3
:106330009DF8023013430AD0514B188800F03AFC04
:1063400050490B783BB3504A127890422DDC9DF8AF
:1063500004309DF8052013430BD04C4B188800F0F7
:1063600029FC4B490B78002B4ED04A4A12789042B8
:1063700054DC4248694600F057FB18B93F48FFF724
:10638000B7FF08B1FFF782FF062269463B48FBF7DB
:10639000BDFC03B030BD404A127802EB8202B0EB84
:1063A000420FD4DD01330B7001E0FF2BFAD19DF9D0
:1063B00002503DB1FFF724FE002DD4BFFF2301237F
:1063C0004343A3709DF903503DB1FFF719FE002D23
:1063D000D4BFFF2301234343E37094F90200002854
:1063E000B5D094F90320002AB1D0FFF7F3FD0028BF
:1063F00008BF0120A0701046FFF7ECFD08B1E07067
:10640000A5E70123E370A2E7244A127802EB820297
:10641000B0EB420FADDD01330B7001E0FF2BFAD181
:106420009DF904503DB1FFF721FE002DD4BFFF239D
:106430000123434323719DF905503DB1FFF716FE3B
:10644000002DD4BFFF2301234343637194F904005B
:1064500000288ED094F90520002A8AD0FFF7BAFDD3
:10646000002808BF012020711046FFF7B3FD08B1D6
:1064700060717EE7012363717BE700BF8F1A002004
:106480008A1A00208D1A00206E0C0020881A002025
:106490008C1A00206A0C00206F0C00206B0C00206E
:1064A0004E4B4F4A2DE9F04113F80080C30800F02D
:1064B0000700D55C4B4AD65C4B4AD75C0541064188
:1064C000074115F001050C4606F0010607F001072B
:1064D00012D0E120FDF71CFB002C70D042F21070AE
:1064E000A4FB00034FF47A72002300F2E73000218E
:1064F000FBF714FA01F019FC96B1E620FDF708FB52
:10650000002C5ED042F21070A4FB00034FF47A72AC
:10651000002300F2E7300021FBF700FA01F005FC50
:1065200021464046FDF7D6FB002C4CD042F21070BD
:10653000A4FB00034FF47A72002300F2E73000213D
:10654000FBF7ECF901F0F1FB8EB1E620FDF762FB01
:10655000DCB342F21070A4FB00034FF47A72002304
:1065600000F2E7300021FBF7D9F901F0DEFB8DB135
:10657000E120FDF74FFB54B342F21070A4FB00037F
:106580004FF47A72002300F2E7300021FBF7C6F9DE
:1065900001F0CBFBFFB12C20FDF7B6FBCCB142F2F2
:1065A0001073A4FB03034FF47A72002300F2E73068
:1065B0000021FBF7B3F9BDE8F04101F0B6BB0120C3
:1065C00098E70120AAE70120BCE70120CDE70120E0
:1065D000DEE70120EFE7BDE8F08100BFE4AC00603A
:1065E00084AD006074AD006064AD00600021FFF711
:1065F00057BF00F00F030A3B052B8CBF30305730DC
:10660000C0B2FFF7F3BF0000F8B5144642799DF819
:1066100018701D46284B92B11C7000F049FB274BA7
:10662000188004F12003DBB2072B44D804F00704E0
:106630000120A040C0B2BDE8F840FDF76DBB1E7858
:10664000A6422ED11D4B188800F0B4FAC72828D8CE
:10665000AE4205F1200415D006F12003DBB2072B72
:1066600006D806F007060120B040C0B2FDF75DFB7A
:10667000E3B2072B06D805F0070301209840C0B20B
:10668000FDF74AFB3846E4B2FDF73EFB072C12D873
:1066900005F007050120A840BDE8F840C0B2FDF7AD
:1066A00044BB04F12003DBB2072B04D804F0070439
:1066B0000120A040F0E7F8BD981A0020961A0020AB
:1066C0000346A3F5F843183B07B50846062B3BD80D
:1066D000DFE803F0171E0410252C33002623009357
:1066E000E1231A4647F61A41FFF78EFF002003B058
:1066F0005DF804FB27230093E5231A4647F61B4168
:10670000F2E726230093E022E12347F61841EBE766
:1067100027230093E422E52347F61941E4E72623E3
:106720000093E222E12347F61C41DDE72723009393
:10673000E622E52347F61D41D6E728230093E5220C
:10674000012347F61E41CFE74B7913B1024B0022DC
:106750001A700120CBE700BF981A0020014B186087
:10676000704700BFA01A002008B500F0D9F9431EF9
:106770005842584108BD0000034B1B6813B11B6809
:1067800003B1184700207047A01A002008B5FFF792
:10679000F3FF08BD034B1B6813B15B6803B11847D7
:1067A000704700BFA01A0020044A126822B1926804
:1067B00012B1062101701047704700BFA01A0020D7
:1067C000044A126822B1D26812B102210170104746
:1067D000704700BFA01A00200B4B07B51A888242F1
:1067E0000FD01880094B1B685BB11B694BB10322AA
:1067F0008DF80500000A8DF806008DF8042001A828
:10680000984703B05DF804FB9C1A0020A01A0020F2
:106810000C4B07B51A88824210D018800A4B1B68AF
:1068200063B11B6953B104228DF80500000A8DF88D
:1068300006008DF804200DEB0200984703B05DF8C8
:1068400004FB00BF9A1A0020A01A00200F4B10B5BD
:106850001C680234FFF788FFB0B10D4B93F900308C
:10686000002B11DA0B4B1C681E210234224600203B
:1068700012F8013B0BB10130C0B28B1A54FA83F30A
:10688000DBB2002BF4D110BD0621EFE7600C002035
:10689000002F00205C0C002010B5044618B3FFF751
:1068A00063FFB0B1124B93F90030002B11DAEF2CDB
:1068B0004FEAD40217D80F4B1B68134404F00704A7
:1068C0009A78012303FA04F4224214BF18460020E8
:1068D00010BD094B1B685A1C073312F8011FA14257
:1068E00003D09A42F9D10020F2E70120F0E700BF7F
:1068F000002F00205C0C0020600C002030B500222E
:10690000441C4FF0FF3314F8015F8D420BD0B3F1FC
:10691000FF3F01D105B953B20132062AF3D15A1C07
:1069200001D01844817030BD10B5431C00220730DF
:1069300013F8014F8C4208BF1A708342F8D110BD82
:10694000EF294FEAD10307D8184401F007018278F4
:1069500001238B40134383707047EF294FEAD10323
:1069600008D8184401F00701837801228A4023EAFD
:10697000020383707047000010B50446FFF7F4FE71
:10698000214650B1084B93F90030002B05DA074B34
:10699000BDE810401868FFF7D3BF054BBDE81040B5
:1069A0001868FFF7ABBF00BF002F00205C0C002071
:1069B000600C002010B50446FFF7D6FE214650B10A
:1069C000084B93F90030002B05DA074BBDE8104067
:1069D0001868FFF7C2BF054BBDE810401868FFF705
:1069E000A3BF00BF002F00205C0C0020600C002023
:1069F00008B5FFF7B9FE68B1084B93F90030002BDA
:106A000008DA074B18681E22BDE808400021023052
:106A1000FBF72AB9034B06221868F5E7002F002080
:106A20005C0C0020600C002042784B789A421DD10B
:106A300090F902301BB191F902209A4216D190F9D7
:106A400003301BB191F903209A420FD190F9053020
:106A50001BB191F905209A4208D190F9040030B198
:106A600091F90430181A18BF0120704701207047AF
:106A700082B002B0704707B5FFF7FAFF03B05DF8C8
:106A800004FB000007B5074904220130C8700DEB74
:106A90000200FBF73BF90198FFF7EDFF03B05DF84B
:106AA00004FB00BF700C002007B507490422032334
:106AB0000DEB0200CB70FBF729F90198FFF7DBFF24
:106AC00003B05DF804FB00BF700C0020FFF7DABFD5
:106AD00007B50749042201230DEB0200CB70FBF739
:106AE00015F90198FFF7C7FF03B05DF804FB00BF7D
:106AF000700C0020FFF7ECBF07B50038074918BF3E
:106B00000120042288700DEB0200FBF7FFF80198CA
:106B1000FFF7B1FF03B05DF804FB00BF700C00206D
:106B2000014B9878704700BF700C002007B50649EC
:106B3000042248700DEB0200FBF7E8F80198FFF71C
:106B40009AFF03B05DF804FB700C0020014B5878ED
:106B5000704700BF700C002007B50649042208707A
:106B60000DEB0200FBF7D2F80198FFF784FF03B0AA
:106B70005DF804FB700C002070477047704708B543
:106B8000FFF7FCFF08BD704708B5FFF7FCFF08BD25
:106B900010B5FFF7F1FFFEF755FCFFF7EEFF0024FD
:106BA000E0B2FEF7ADFB18B901340F2CF8D110BDDF
:106BB0000120FCE710B5044600F07AF8001B80B213
:106BC00010BD10B5102204460021FBF74DF82046F9
:106BD00010BD08B501F066F9BDE8084000F0B8BE88
:106BE00008B5FCF7BEFEBDE80840AA2001F09DB83C
:106BF00008B5FDF783FEFDF79DFEFFF7F9FEFFF7F1
:106C000061FB0020FFF7E8FD0020FFF701FEBDE873
:106C10000840FCF7AFBE0000302383F31188064B19
:106C2000DA69064B1A60064A00231360054A1360AE
:106C300083F31188704700BF402F0020AC1A00205A
:106C4000A81A0020A41A0020FFF7E6BF70B500F0D4
:106C5000ADFE124D124B1349DC692B680A68E41A29
:106C6000A242114A08D9A3F5E4532B6015680F4BD3
:106C70002B4404F5E454136016680C604FF47A75E5
:106C800000F09DFE42F20F70002142F210720023CC
:106C9000E4FB0501FAF742FE304470BDAC1A002057
:106CA000402F0020A81A0020A41A0020C09699198D
:106CB00008B5FFF7CBFF80B208BD08B54FF47A7076
:106CC00001F033F800BE08BD7047000070B590F8C1
:106CD000742002F07F03212B044650D112F0800F64
:106CE00090F875301ED0022B18D0032B05D0012B45
:106CF00018D1BDE8704000F019BC90F8783090F8D9
:106D0000791053EA01253AD1FFF70AFF344BA36605
:106D100018700123E3662567012070BDBDE870404F
:106D200000F032BD0A2B21D00B2B10D0092B26D11D
:106D300094F8783094F8791043EA0123012B1ED897
:106D4000284BA3660223E366274B2367E4E794F806
:106D5000783094F8792053EA022303D194F876002E
:106D6000FFF7CAFE0023A366E366EEE794F8770018
:106D7000FFF7F2FE2046BDE8704000F02DBD02F0A6
:106D80009F02812A03D194F87530062B11D0174D3C
:106D9000D5F8803023B9D5F80C3133B90020BCE7E1
:106DA000204698470028F6D0B6E72046BDE8704058
:106DB000184794F87920616894F878304D6894F811
:106DC000761043EA0223204694F87720A84700284B
:106DD000E4D04368A3660368E3660023B5E700BF19
:106DE000B81A0020BC1A0020356E00608C0C002000
:106DF000F8B50F4C2346002243F8042F90F87B701F
:106E000090F8796090F8765090F87A2090F87810A1
:106E100090F8770042EA072241EA062145EA00207D
:106E200000F0B6F920606068002818BF2046F8BD61
:106E3000B01A00200346094993F87A2093F87B3072
:106E4000087842EA0323022B04D1012801D0062846
:106E500002D14878FFF76ABE704700BFBC1A002015
:106E600010B5064A064C117824784B1C03F00F032A
:106E70009C421EBF034C1370605410BD332F002082
:106E8000342F0020232F002008B50846052929D8D3
:106E9000DFE801F01A28031A1A29302383F3118836
:106EA000184800F01FFA184800F01CFA002383F37A
:106EB0001188164B1B7813B10520FFF7D1FF022074
:106EC000BDE80840FFF7CCBFFFF7CAFF302383F3CC
:106ED00011880C4800F0EFF90B4800F0ECF90023A2
:106EE00083F3118808BD302383F31188054800F02F
:106EF000F6F9054800F0F3F9002383F31188052023
:106F0000DEE700BF8C0C0020180D0020BE1A002008
:106F100008B5102204480021FAF7A6FE034A002310
:106F20001370034A137008BD232F0020332F002055
:106F3000342F0020F8B5294D294C2E7823780022D3
:106F4000B34232D102B12370F8BD2370254B1870C3
:106F5000254B93F87F10081E18BF0120FFF7A4FDF2
:106F6000EBE723701F4B00221A70FFF741FE1E4B08
:106F700093F87F10081E18BF0120FFF7A7FDDCE77C
:106F80002370194B93F87F10081E18BF0120FFF7DC
:106F900079FDD2E7002123700846F8E72370FFF758
:106FA00097FD0120FFF7A8FDC7E710481946012209
:106FB000415C013303F00F0310460529C0D801A737
:106FC00057F821F09D6F0060416F0060816F006095
:106FD000956F00604B6F0060636F0060332F00207F
:106FE000342F0020BE1A0020C42F0020232F0020A1
:106FF00038B5144C0546204600F03AF920468C344A
:1070000000F04AF9204600F033F920460E4C00F01B
:1070100043F9236800229868012103F0D9F8284633
:1070200001F034F84FF4FA7000F07FFE074928466B
:1070300001F018F82368002298681146BDE838402E
:1070400003F0C6B88C0C0020C02F002094AD006067
:1070500037B5064C00238C25009305FB00404FF408
:107060007A7300F099F903B030BD00BF8C0C00209A
:1070700010B50446FFF754FD21460822BDE8104034
:107080000120FFF7E5BF014620220020FFF7E0BF07
:10709000014606220020FFF7DBBF01460322002045
:1070A000FFF7D6BF70477047704708B5FFF7FAFF84
:1070B00001F0E3FAFFF7F7FF08BD08B501F0E5FAC4
:1070C000FFF7F2FF08BDFFF715BD000008B5FFF799
:1070D0001FFF0448FFF78CFFBDE808404FF4FA702B
:1070E00000F023BEC42F00200148FFF737BB00BFCC
:1070F000740C002010B50C4CFFF71CFF2378052BF7
:1071000002D12378052B00D010BDFFF769FDFFF7F2
:107110003FFD0028F5D0B4F87C309B07F1D5204620
:1071200001F03FF8EDE700BFC42F002000F0AEBA39
:1071300030B5144B1C7885B014BB012268461A7018
:10714000FFF73FFD2346104A104C04A901EB6301F1
:1071500011F8100C050902EB4301655D8D700025E7
:10716000CD7000F00F00591C02EB41010233205C8E
:107170008870202BCD70E8D1422313700323537005
:1071800005B030BDBF1A0020C01A0020A4AD0060B9
:10719000020A032A10B51C460FD007D8012A2AD0AC
:1071A000022A07D11A4A3B20226010BD212A16D09C
:1071B000222A1AD000200246F6E7C0B20328F9D8E6
:1071C000DFE800F01C020508124A3C20ECE7124AF6
:1071D0001C20E9E7FFF7ACFF104A1078E4E781B123
:1071E0000129E7D10E4A0920DEE769B10129E1D181
:1071F0000C4AB620D8E70C4A1220D5E70B4A0420E7
:10720000D2E70B4A0920CFE70A4A4420CCE700BF67
:1072100015AE0060D3AD0060B5AD0060C01A0020AF
:1072200040AE006062AE006050AE006011AE006023
:1072300027AE006018AF006013B5446BE26E1378A0
:10724000042B12D194F87010128901238B40134241
:107250000BD101A9204600F05AFE024628B1019B3D
:1072600094F87010E06E00F08AFF02B010BD0000CC
:107270001FB500F15C03C364064B0193436F009399
:10728000C26F836F0290012100F01EFE05B05DF811
:1072900004FB00BF39720060302383F31188C36E92
:1072A00090F8702003EB82039862002380F884300A
:1072B00083F311887047012310B56FF00101037249
:1072C000044600F062FD204600F015FED4F8883038
:1072D00023B1BDE81040DA681868104710BD0023DC
:1072E0000372704710B500F1380290F87010044630
:1072F000C06E00F0F4FE204600F0FDFD0023237276
:1073000010BD00EB8103F7B59C6A05460E4684B3B9
:10731000302383F311880023226984F88430636961
:107320009A4201D1E368B3B905EB8603DB685B6978
:107330001B6883B1D4F8883053B101A9204600F00E
:10734000E6FDD4F88830019A9F6801461868B8476E
:10735000204600F0EAFD01A9204600F0D8FD0246D3
:1073600048B1019B3146284600F009FF002383F312
:10737000118803B0F0BD05EB8603DB681A68022AAA
:10738000F4D15A691268002AF0D01B8A013B1340DD
:10739000ECD105F17402E5E72DE9F8431D469DF8AF
:1073A000208004460F461646302383F31188C36EAF
:1073B0001B78042B4FF0000003D080F31188BDE848
:1073C000F88394F8843023B101354FF0FF3518BFAE
:1073D000002580F311882B4632463946204600F0BE
:1073E000DFFD86421DD9302383F3118894F8843061
:1073F000002808BF43F0010384F88430012323727E
:107400006FF00101204600F0C0FC4FF0000920465B
:1074100000F071FD84F8089000F0BCFB89F311883E
:10742000D9E7B8F1000F01D00120C8E7204600F0ED
:10743000FAFDF9E7302383F31188026943699A4220
:107440000FD1C3687BB1C26E90F87010128901230E
:107450008B4013420CBF01200020002383F31188CE
:1074600070470020F9E71846F7E70000006810B4FD
:1074700038B1054C8264E469446010BC0830FAF706
:1074800045BC10BC704700BF402F00200168134668
:1074900031B18A6C9A64083103F10800FAF736BCFE
:1074A000704710B50446006840B1826C0021083076
:1074B000FAF7DAFB236800221A605A6010BD000058
:1074C00010B40C78082C0AD850F8240038B1054CB8
:1074D0008264E469446010BC0830FAF717BC10BC41
:1074E000704700BF402F00200829134609D850F8E4
:1074F000211031B18A6C9A64083103F10800FAF75F
:1075000005BC704770B5051F00F12004002655F832
:10751000040F38B1826C00210830FAF7A5FB2B6804
:107520001E605E60A542F2D170BD000038B590F8D3
:107530007830012B04461CD890F87610082918D80A
:107540000D4AD25C012A14D80C4B8C2000FB02336C
:10755000D3F8880060B10A4D436800682A4698470E
:1075600005F10803A366AB6CE366002323670120E3
:1075700038BD0020FCE700BF880C00208C0C0020E8
:10758000141C0020036843B19100196003490B7873
:10759000002A18BF43F001030B707047601C0020E5
:1075A000006810B10068C0F387007047036870B5C9
:1075B0000BB9002070BD302383F3118803680021CC
:1075C0001C685B6881F31188002CF2D0094AD569E8
:1075D0004FF47A76ED1A42F20F7042F210720023E5
:1075E000E5FB0601FAF79AF984428CBF00200120DE
:1075F000E0E700BF402F00204B1E072B0BD850F8B0
:10760000213043B19100196003490B78002A18BF5B
:1076100043F001030B707047601C0020082906D856
:1076200050F8210020B10068C0F3870070470020A7
:1076300070470000082970B501D9002070BD09B25B
:1076400050F82130002BF8D0302383F3118850F804
:10765000213000211C685B6881F31188002CECD07C
:10766000094AD5694FF47A76ED1A42F20F7042F268
:1076700010720023E5FB0601FAF750F984428CBF33
:1076800000200120DAE700BF402F00202DE9F84F4D
:10769000394B1B78002B3FD00026DFF8E0B0354691
:1076A0004FF0300A3746DBF88840002C2FD0002EF0
:1076B00036D14FF001088AF311885FFA88F96369BF
:1076C000206849469847002818BF45F0010587F310
:1076D00011882A48FFF7AEFEA0B1A3692068494689
:1076E000984778B18AF31188254A6368206849462B
:1076F000984787F31188224B00209A6C03F1080108
:10770000FFF7A6FC08F10108B8F1090FD3D10BF17E
:107710008C0B1EB1184B1D70BDE8F88F0126C2E717
:107720008AF311880021636920689847814687F3AE
:1077300011881448FFF77EFE20B1A369206800215C
:10774000984728B9B9F1000F18BF45F00105DEE7E9
:107750008AF31188DFF82880636820684246002198
:10776000984787F311880120D8F8482008F10801CC
:10777000FFF76EFCE6E700BF601C00208C0C0020C9
:10778000C81B0020180D002010B590F87830012B90
:10779000044619D890F87610082915D80B4AD25CFF
:1077A000012A11D80A4B8C2000FB0233D3F8880041
:1077B00048B1436900689847064BA36618700120DA
:1077C0000023E066236710BD0020FCE7880C002042
:1077D0008C0C0020C41B002010B590F87830012BD1
:1077E000044619D890F87610082915D80B4AD25CAF
:1077F000012A11D80A4B8C2000FB0233D3F88800F1
:1078000048B1036994F87720006898470023A3667D
:10781000E3662367012010BD0020FCE7880C0020F0
:107820008C0C002070B5BFF34F8FBFF36F8F1A4AD7
:107830000021C2F85012BFF34F8FBFF36F8F53690F
:1078400043F400335361BFF34F8FBFF36F8FC2F820
:107850008410BFF34F8FD2F88030C3F3C900C3F355
:107860004E335B0143F6E07403EA0406014646EA40
:1078700081750139C2F86052F9D2203B13F1200F13
:10788000F2D1BFF34F8F536943F480335361BFF399
:107890004F8FBFF36F8F70BD00ED00E0FEE700007B
:1078A00070B5294C082560682368A268043B01462E
:1078B0008A4243D8D31C1B1AC11E23F003038A42F9
:1078C00038BF00231844E368DA1C121AC11E22F0E4
:1078D0000302994288BF00220021FAF7C5F9013D51
:1078E00004F11004DFD1194AC2F88450BFF34F8F5E
:1078F000D2F88030C3F3C900C3F34E335B0143F6C3
:10790000E07403EA0406014646EA81750139C2F8CB
:107910006C52F9D2203B13F1200FF2D1BFF34F8FFD
:10792000BFF36F8FBFF34F8FBFF36F8F0023C2F88A
:107930005032BFF34F8FBFF36F8F70BD53F8046F9A
:1079400041F8046BB4E700BF5CAF006000ED00E0FD
:1079500038B5084C012300252370656000F076FAE5
:107960000549064800F054F90223237085F3118875
:1079700038BD00BF382F0020B4B00060402F002079
:1079800072B6034BD865034B03221A70FEE700BFA3
:10799000402F0020382F0020034BDA68937D0BB175
:1079A000013B937500F04CB8402F0020EFF311809D
:1079B00020B9EFF30583302282F31188704710B5A8
:1079C00030B9EFF30584C4F3080414B180F31188CF
:1079D00010BD00F0DFF884F31188F9E710B50A4C08
:1079E00023699A6891420CD85A68816003604260AA
:1079F00010609A685860521A9A604FF0FF33A36182
:107A000010BD1B68891AECE7402F002010B40361F9
:107A1000002310BCC2604361FFF7E0BF03688168C8
:107A20009A680A449A60426813605A6000230360AF
:107A3000024B4FF0FF329A61704700BF402F002089
:107A400070B5124DEB692A460133EB6152F8103FD5
:107A5000934206D09A68013A9A6030262C69A3684E
:107A600003B170BD226861680A605160236083F3CE
:107A70001188E36821692046984786F31188616977
:107A80000029EBD02046FFF7A9FFE7E7402F0020B1
:107A900000230375826803691B6899689142FBD2D1
:107AA0005A68036042601060586070470023037595
:107AB000826803691B6899689142FBD85A68036021
:107AC0004260106058607047084B10B51C68D86859
:107AD00022681A60536001222275DC60FFF7E6FF1E
:107AE00001462046BDE81040F9F702BF402F0020B4
:107AF00008B50846302383F311880A7D0023052A40
:107B000006D8DFE802F00B050503120E8269136048
:107B10004FF0FF338361FFF7BBFF002383F311882E
:107B200008BD8269936801339360426803681360FB
:107B30005A60EDE7FFF7ACBF064BD9681422087511
:107B400018688A7502681A60536001220275D8604D
:107B5000F9F7CEBE402F002030B50C4BDD684B1C32
:107B600087B004460FD02B46094A6846FFF74EFF00
:107B70002046FFF7E1FF009B13B16846FFF74EFF79
:107B8000A86907B030BDFFF7D7FFF9E7402F002005
:107B9000F17A0060044B1A68DB6892689B689A422D
:107BA00001D9FFF791BF7047402F0020084BDA68DA
:107BB0001B6898689368927D22B1984294BF002018
:107BC00001207047984234BF00200120704700BF59
:107BD000402F00200C4B10B51C68D86822681A6032
:107BE000536001222275DC60837D4BB9FFF750FFA3
:107BF0001423014683752046BDE81040F9F778BE8E
:107C0000FFF754FF0146F6E7402F0020FEE7000093
:107C100070B51B4B01630025044686B085620E4695
:107C2000586000F0C9F804F11003236163614FF05C
:107C3000FF33A361134BE561D96924600A462B46E3
:107C4000C4E9082304F134010F4A6460A560E562C9
:107C5000E5658023204600F01DF80123E0600B4A13
:107C60000375009272680192B268CDE90223084B55
:107C70006846CDE9043500F043F806B070BD00BF9A
:107C8000382F0020402F0020DFAF0060E4AF0060FD
:107C90000D7C006002228B608A824B6214220023DA
:107CA00008618A750B62CB61084670478368C168BA
:107CB000A3F14C0243F81C2C026943F84C2C426996
:107CC00043F8482C0C4A0D4843F82C2C022203F8A8
:107CD000142C43F8180C0022142003F8120C43F85B
:107CE000201C03F8132C43F8041C43F8082C43F819
:107CF0000C2CA3F12800704701190060402F0020D0
:107D000008B5FFF7D3FFBDE80840FFF713BF000039
:107D1000024BDB6898610F20FFF70EBF402F002059
:107D2000302383F31188FFF7F3BF08B501463023F2
:107D300083F311880820FFF70FFF002383F31188D6
:107D400008BD0346006820B100221A608161FFF778
:107D5000F1BE7047064BDB6839B1426818605A6063
:107D6000136043600420FFF7F7BE4FF0FF30704709
:107D7000402F002003460068834205D002681A6045
:107D800053608161FFF7D6BE704738B504460D4693
:107D90002068844200D138BD036823605C6085613F
:107DA000FFF7C8FEF4E7EFF30983203383F3098874
:107DB000002383F311887047302080F3118862B666
:107DC0000D4B0E4AD96821F4E0610904090C0A43FD
:107DD000DA60D3F8FC200A4942F08072C3F8FC2034
:107DE000084AC2F8B01F116841F001011160202259
:107DF000DA7783F82200704700ED00E00003FA050F
:107E000055CEACC5001000E010B5302383F31188C7
:107E10000B4B5B6813F400630FD0EFF30984203C35
:107E20004FF08073E36184F30988FFF7BFFE10B160
:107E3000044BA36110BD044BFBE783F31188F9E702
:107E400000ED00E01319006016190060024B034AB0
:107E50001A60034A5A607047A02F0020603000204B
:107E600000000820094B30B51C684D1E22444942D1
:107E70002A440A4059681044884204D8A04202D3D8
:107E80001860104630BD0022FBE700BFA02F002085
:107E900008B5302383F31188FFF7E4FF002383F351
:107EA000118808BD08B500F05EFC054801F018F91E
:107EB00000F0C9F8FFF701F9BDE8084000F002B88A
:107EC000C6B0006001F04DBA10B5029C01720433D7
:107ED00003FB0421C36100238362C362039B03632A
:107EE000049B00604060C460426102618161046281
:107EF0004262436310BD026AC260426A426102612B
:107F000000228262C2626FF00101FFF73EBF0346AA
:107F100040691A69824201D1DB681BB950F8043B01
:107F20000B60704700231846FAE7C368C269013343
:107F3000C3604369134482694361934224BF436A27
:107F400043610021FFF716BF38B504460D46E368CC
:107F50003BB123691A1DA262E2691344E362002067
:107F600007E0237A33B929462046FFF7F3FE0028BD
:107F7000EDDA38BD6FF00100FBE703691960C268F4
:107F8000013AC260C269134482690361934224BF0B
:107F9000436A036100238362036B03B11847704790
:107FA0002DE9F84F04460F4691469A464FF03008A7
:107FB00088F311880026B346A56A4DB9514620467C
:107FC000FFF7C2FF20B185F311883046BDE8F88F76
:107FD000A06AE56AA9EB06032D1A9D4228BF1D463B
:107FE000402D17D939464022F9F790FEA36A403751
:107FF00040334036E26AA3629A4204D8E1692046DF
:108000000439FFF7BAFF8BF311884E45DDD288F3B0
:108010001188D1E739462A46F9F778FEA36A2F443A
:108020002B442E44E6E708B5302282F31188816A9A
:1080300029B103690439C91A01D0FFF79EFF002353
:1080400083F3118808BD01F071BA10B5012304460D
:10805000382200F82C3B0021F9F706FE002363606C
:10806000A36010BD10B53023044683F3118820228D
:10807000416000210C30F9F7F7FD204601F07EFA4F
:1080800002232370002080F3118810BDF8B5044648
:10809000302383F31188254601F086FA0026012358
:1080A000666005F8083B2834374655F8043F73B13D
:1080B000586920B16FF001010C30FFF742FE2B68C8
:1080C000986920B16FF001010C30FFF73AFEA5422C
:1080D0002E60EAD1FFF75EFD87F31188F8BD70B519
:1080E00000EB810305465069DA600E46144618B16C
:1080F00010220021F9F7B8FDA06918B11022002163
:10810000F9F7B2FD31462846BDE8704001F0C0BA2B
:10811000F8B5836803F001130446836000F10C0591
:1081200000F12806002755F8043F73B1586920B1C3
:108130006FF001010C30FFF704FE2B68986920B145
:108140006FF001010C30FFF7FCFDB5422F60EAD162
:108150002046BDE8F84001F0DFBAF0B400EB81043E
:108160004789E4680125A4698D403D43458123602A
:108170000023A2606360E360F0BC01F00BBBF0B4CD
:1081800000EB81040789E468012564698D403D4363
:10819000058123600023A2606360E360F0BC01F00E
:1081A0000BBB70472DE9F0470546002602230370FC
:1081B000C66745F8086F044600F128074FF03008FD
:1081C000B14655F8043F9BB188F311882B68586974
:1081D00020B16FF001010C30FFF7B3FD2B689869F7
:1081E00020B16FF001010C30FFF7ABFD89F311886E
:1081F000BD422E60E5D184F86460204601F0EAF9C2
:1082000063681B6823B120460021BDE8F04718478A
:10821000BDE8F087F8B50378052B044627D080F831
:1082200080300523037043681B680BB10421984715
:108230002546002645F8086F2834302755F8043FB6
:108240009BB187F311882B68586920B16FF0010149
:108250000C30FFF776FD2B68986920B16FF00101B3
:108260000C30FFF76EFD86F31188A542E6D1F8BD0C
:108270000178052906D190F88020436802701B68B8
:1082800003B118477047000070B590F86430044699
:1082900013B1002380F8643004F17402204601F029
:1082A00077FA63689B68B3B994F8743013F060058B
:1082B00039D00021204601F093FA0021204601F038
:1082C00089FA63681B6813B1062120469847062384
:1082D00084F8643070BD204698470028E4D094F8B4
:1082E0007B2094F87A3043EA0223E26E9A4288BFF8
:1082F000E36694F97430E56E002B4FF0300380F2A2
:108300000881002D00F0F780092284F8642083F3AF
:1083100011880021E36EA26E2046FFF730FF002394
:1083200083F31188D6E794F8752003F07F0343EABE
:10833000022340F20232934200F0CA8021D8B3F502
:10834000807F4DD00DD8012B44D0022B00F09880B7
:10835000002BAED104F17C02A2660222E266236702
:10836000BDE7B3F5817F00F0A080B3F5407FA0D1D9
:1083700094F87630012B9CD1B4F87C3043F00203A2
:1083800037E0B3F5006F52D01CD8B3F5A06F36D0EC
:10839000A3F5C063012B8CD894F87920616894F818
:1083A00078304E6894F8771043EA0223204694F818
:1083B0007620B04700283FF47CAF4368A36603688B
:1083C000E3661AE0B3F5106F36D040F602429342EE
:1083D0007FF46FAF5B4BA3660223E3660023BEE727
:1083E00094F87630012B7FF464AFB4F87C3023F03E
:1083F0000203A4F87C30A566E56625676FE7B4F84C
:108400007430B3F5A06F0ED194F8763084F87E30D6
:10841000204601F00FF963681B6813B10121204663
:108420009847032323700023A366E36697E704F1CC
:108430007F03A3660123C3E72378042B10D13023E5
:1084400083F311882046FFF763FE85F3118803212B
:10845000636884F87F5021701B680BB120469847F1
:1084600094F87630002BDED084F87F30042323701C
:1084700063681B68002BD6D0022120469847D2E7BC
:1084800094F878301D0603F00F0120460AD501F05C
:1084900061F9012804D002287FF40BAF2A4B9AE738
:1084A0002A4B98E701F03AF9F3E794F87630002B7D
:1084B0007FF4FFAE94F8783013F00F01B3D01A06B2
:1084C000204602D501F09AF9ADE701F091F9AAE74B
:1084D00094F87630002B7FF4ECAE94F8783013F0FB
:1084E0000F01A0D01B06204602D501F079F99AE7CA
:1084F00001F070F997E7142284F8642083F311885F
:108500002B462A4629462046FFF727FE85F3118889
:10851000E0E65DB1152284F8642083F31188002120
:10852000E36EA26E2046FFF718FEF8E60B2284F8F1
:10853000642083F311882B462A4629462046FFF7FC
:108540001EFEE3E7C4B00060C2B00060C0B00060CF
:1085500038B590F864300446002B42D0063BDAB2BE
:108560000F2A38D80F2B36D8DFE803F03B35350813
:10857000263635353535353535353B3B90F87A304F
:1085800090F87B20C56E43EA02239D4214D2C36853
:108590001B8AB5FBF3F203FB12556DB9302383F34D
:1085A00011882B462A462946FFF7E9FD85F31188F5
:1085B0000A2384F864300EE0142384F864303023F6
:1085C00083F3118800231A4619462046FFF7C5FD9C
:1085D000002383F3118838BD036F03B1984700234C
:1085E000E7E70021204601F0FBF80021204601F0DA
:1085F000F1F863681B6813B10621204698470623EB
:10860000D7E710B590F86430142B044629D017D85A
:10861000062B05D001D81BB110BD093B022BFBD89E
:108620000021204601F0DCF80021204601F0D2F8BC
:1086300063681B6813B1062120469847062319E09A
:10864000152BE9D10B2380F86430302383F3118894
:1086500000231A461946FFF792FD002383F3118881
:10866000DAE7C3689B695B68002BD5D1036F03B160
:108670009847002384F86430CEE7704708B500F0CF
:1086800073F8BDE8084000F017BC7047162303607C
:108690004FF0FF30704700207047184670470020A9
:1086A000704710B50022044608460121FFF7F0FB91
:1086B00018B90C2323604FF0FF3010BD08B51346E6
:1086C000002158221846F9F7CFFA4FF400524260C1
:1086D000002008BD0120704708B50248FFF750F997
:1086E000F9F7BAFAE9AF006008B50248FFF748F9B0
:1086F000F9F7B2FAEEAF006001207047704700F161
:10870000604303F561430901C9B283F800130122F4
:1087100000F01F039A4043099B0003F1604303F5F7
:108720006143C3F880211A60704700F01F030122E3
:108730009A4043099B0003F1604303F5614300F154
:10874000604000F56140C3F88020C3F88021002319
:1087500080F80033704700F16040090100F56D407A
:10876000C9B20176704770470F4A08B5936F43F05E
:108770000C03936700F074FB0C4B4FF0FF329A66CA
:10878000DA661A675A6703F5A6130522C3F848216B
:10879000074B5A6842F008025A600822C3F8842046
:1087A000044B9B6808BD00BF00C00F4000C00A40DA
:1087B0000040004200ED00E038B5C3B203F1804351
:1087C00003F57C23C0F304251C68820EA940C0F386
:1087D0004C30A840614008406040202A186006D90B
:1087E000074B084A084840F29F41F9F70FFA05D0B5
:1087F0000123064993408A6C1342FCD138BD00BF67
:10880000F3AF0060D3B0006011B0006000C00F4053
:1088100038B5C3B203F1804303F57C23C0F30425CC
:108820001C68820EA940C0F34C30A840614008404B
:108830006040202A186006D9074B084A084840F2D1
:108840007A41F9F7E3F905D00123064993408A6C90
:108850001342FCD138BD00BFF3AF0060C6B000606A
:1088600011B0006000C00F4010B50649040A032291
:1088700051F8243000F01F00824023EA020341F83F
:10888000243010BD68C00F4038B5DD4B4FF40042B6
:108890001A60DC4BD3F8C02242F48032C3F8C02205
:1088A000D3F8C02222F40032C3F8C022D64BD74AF4
:1088B0001A60002000F016FC00F046FC012000F0D9
:1088C00037FCD34AD348136823F0FF0343F07F03F8
:1088D00013600121FFF79CFFCF480121FFF798FFAC
:1088E000CE4AD36823F01F0343F01303D360136809
:1088F000002BFCDA0021CA48C24CFFF75DFF4FF4A1
:108900008870FFF7B1FF4FF48470FFF7ADFF40F2BE
:108910001620FFF7A9FF4FF40670FFF7A5FF40F2FE
:108920000E20FFF7A1FFBF480321FFF745FFBE4818
:108930000121FFF741FF0021BC48FFF73DFF4FF445
:108940008A70FFF791FF4FF48B70FFF78DFF1820AF
:10895000FFF78AFF1A20FFF787FF4FF48670FFF7B3
:1089600083FF0121B248FFF727FF40F20260FFF7C3
:108970007BFFB0480121FFF71FFF0021AE48FFF742
:1089800047FF40F20460FFF76FFFAC480121FFF79B
:1089900013FF0021AA48FFF73BFF4FF44170FFF798
:1089A00063FF07214FF21400FFF706FFA5480021DF
:1089B000FFF72EFF0021A448FFF72AFF4FF4807035
:1089C000FFF752FF4FF48170FFF74EFF4FF48270B4
:1089D000FFF74AFF4FF48370FFF746FF9B480421DF
:1089E000FFF7EAFE02219A48FFF712FF1620FFF771
:1089F0003BFF98480321FFF7DFFE00219648FFF771
:108A000007FF40F21250FFF72FFF94480321FFF7B2
:108A1000D3FE93480121FFF7CFFE00219148FFF7D5
:108A2000F7FE40F21450FFF71FFF8F480321FFF7B6
:108A3000C3FE8E480121FFF7BFFE00218C48FFF7DF
:108A4000E7FE40F21650FFF70FFF8A480321FFF7B9
:108A5000B3FE89480121FFF7AFFE00218748FFF7E9
:108A6000D7FE40F20620FFF7FFFE4FF40270FFF73B
:108A7000FBFE40F20A20FFF7F7FE81480021FFF7D6
:108A80009BFE00217F48FFF7C3FE0E20FFF7ECFEA0
:108A90001220FFF7E9FE40F20670FFF7E5FE102016
:108AA000FFF7E2FE1420FFF7DFFE4FF4E160FFF76F
:108AB000DBFE75480121FFF77FFE02217348FFF7B7
:108AC000A7FE4FF4A360FFF7CFFE1C20FFF7CCFEFC
:108AD0000C20FFF7C9FE4FF48C70FFF7C5FE40F283
:108AE0000230FFF7C1FE40F20630FFF7BDFE40F254
:108AF0001A50FFF7B9FE40F20E60FFF7B5FE64486A
:108B00000021FFF759FE00216248FFF781FE40F285
:108B10000A30FFF7A9FE60480121FFF74DFE5F48CC
:108B20000321FFF749FE05215D48FFF771FE40F282
:108B30000E50FFF799FE5B480121FFF73DFE5A48B2
:108B40000721FFF739FE03215848FFF761FE40F285
:108B50000250FFF789FE56480121FFF72DFE5548C8
:108B60000721FFF729FE03215348FFF751FE4FF479
:108B70004070FFF779FE51480121FFF71DFE504874
:108B80000721FFF719FE4F480321FFF741FE00219F
:108B90004D48FFF73DFE4D4800F008FB4C4800F003
:108BA00027FB1B21002000F0B7FB1021012000F063
:108BB000B3FB1821022000F0AFFB1021032000F0CE
:108BC000ABFB00F099FB4FF480336367D4F870314E
:108BD00023F40043C4F87031D4F8703123F4000357
:108BE000C4F87031236F43F400532367D4F8A030E6
:108BF00023F40053C4F8A030D4F8A0306AE000BFDA
:108C0000AC2F002000800D40A82F002000366E0100
:108C100000C00F40186C0080143900140000084098
:108C200014EA00041468008010E0004014FB008087
:108C30001CE0078024EB00801C30008024F00080C2
:108C40001C310080142700801426008018FA008050
:108C50001864008024790080186E008028E6008067
:108C600028E007801C6A00802CE600802CE007804A
:108C70001C6C008028F6008028F007801C6E0080A5
:108C800038F307803832008020E2078020680080B7
:108C900024E007802426008038EC008018F700804C
:108CA00038EF008030F9008030F6008030740080AA
:108CB00030EC008030E900803067008028E90080D7
:108CC00028F90080207300800C200080F4B0006040
:108CD000E0B0006023F4E03343F48033C4F8A03004
:108CE0000023C4F8B0300123C4F8C030D4F8A03059
:108CF000D4F8702123F4415323F03F0343F40223BB
:108D000043F01F0342F04042C4F87021C4F8A03081
:108D1000D4F8A030002BFBDA4FF48035C4F8A8500B
:108D200000F0F2FAC4F8E450D4F8E03023F0030382
:108D300043F00103C4F8E030D4F8E03043F40053CA
:108D4000C4F8E030D4F8E03023F00C03C4F8E0308D
:108D5000D4F8E03043F48013C4F8E030D4F8E030C5
:108D600043F40013C4F8E03000F0C0FA6562236AEF
:108D7000344843F4005323620321FFF749FD32488E
:108D80000021FFF745FD31480021FFF741FD304844
:108D90000021FFF73DFDD4F8603123F01F03C4F834
:108DA00060312C4B1A6E22F070021A661A6E22F095
:108DB0000F0242F001021A661A6E22F460021A666D
:108DC0001A6E22F4F81242F490121A661A6E22F405
:108DD00080721A661A6E22F080021A661A6E22F0EB
:108DE00080721A66A3F5A0235A6822F007025A601F
:108DF0005A6822F038025A605A6822F0C0025A605B
:108E00005A6822F440725A605A6822F440625A60EA
:108E10009A6822F09F6222F4E0229A605A6822F453
:108E200000525A605A6822F480425A605A6922F00D
:108E300080525A615A6922F000525A61064B074A21
:108E40001A6038BD1872008014390014186C008044
:108E50001C26008000C00F40800F00200046C32366
:108E6000FFF712BD72B6114B114A9A60114B4FF0C9
:108E7000AA325A64BFF34F8FBFF36F8F1A6C22F080
:108E800001021A641A6C42F006021A64BFF34F8F93
:108E9000BFF36F8F9A6B22F47F0242F420029A6331
:108EA000BFF34F8FBFF36F8FF8F71EBD00ED00E0EB
:108EB0000014006000C00A401B4B0022C3F894203D
:108EC0001022C3F89C20194AC3F8A0201122C3F82D
:108ED0009C20174AC3F8A020164AC3F89C20164AC3
:108EE000C3F8A020154AC3F89C20154AC3F8A02057
:108EF000144AC3F89C20144AC3F8A020134AC3F8AC
:108F00009C20134AC3F8A020124AC3F89C20124A9E
:108F1000C3F8A020114AC3F89C20114AC3F8A0202E
:108F20000122C3F89420704700ED00E03F000010DC
:108F30000900100012002000210002071300002089
:108F4000250008131400202027000B1315000040F3
:108F500033001013160000602F000B07170000707D
:108F60002F000B13034B00685B5CD84000F001003E
:108F7000704700BFF20F0020054B595C01238B4066
:108F8000012A0CBFC0F88430C0F88830704700BF99
:108F9000F20F002070B54D4C4369665C0125B54069
:108FA00023EA05034361162A1FD8DFE802F00C7399
:108FB0000C3646730C251E1E1E1E1E1E1E1E565EE1
:108FC000656C737A8100424B424D5B5C043305EB68
:108FD000830305265E60404B5B5C803305EB8305B5
:108FE000062A4FF030036B6069D0615C4368012250
:108FF0008A4023EA020367E0354B364A5B5C043360
:1090000002EB830305255D60334B5B5C803302EB31
:1090100083024FF400635360E7E72D4B2D4A5B5CFE
:10902000043302EB830305255D602B4B5B5C8033CF
:1090300002EB83024FF4E043EDE7254B254A5B5CEE
:10904000043302EB830305255D60234B5B5C8033B7
:1090500002EB83024FF44053DDE71D4B5A5C1F4B7C
:109060009200134401225A60BFE7194B5A5C1B4B14
:10907000920013440222F6E7154B5A5C174B9200FC
:1090800013440322EFE7124B5A5C144B9200134433
:109090000422E8E70E4B5A5C104B92001344052261
:1090A000E1E70B4B5A5C0D4B920013440622DAE7C2
:1090B000074B5A5C094B920013440722D3E7615CCB
:1090C000426801238B401343436070BDF20F0020C0
:1090D000BB0F002000801F40840F002010801F4025
:1090E0007047000008B528B10D4B0E4A0E48C1214B
:1090F000F8F78CFD0D4B4FF08042C3F85821D3F8A0
:109100007022D103FBD54FF48032C3F85421D3F839
:1091100050211204FBD54FF48032C3F8582108BD0A
:109120005BB00060FCB000606AB0006000800D4081
:10913000044B102210B9C3F874227047C3F8782288
:10914000704700BF00800D40034AD2F8703243F0F0
:109150000103C2F87032704700800D40104AD2F807
:10916000803043F00303C2F8803002F5F212D2F8E7
:10917000403143F00203C2F840310A4B00BF013BCB
:10918000FCD1094AD2F8203123F4F85323F001032B
:1091900043F4B85343F00103C2F820310120704773
:1091A00000C00F40801A060000800D400F4A03796E
:1091B00011689B0321F4E0319BB20B4343F48033ED
:1091C00013601168036821F4415103F07F0321F01B
:1091D0003F010B4343F4005313601368002BFCDA88
:1091E000136823F480331360704700BF00800D4084
:1091F000184B027B196B920321F4E03192B20A43BF
:1092000042F480321A63196B027821F4405121F044
:10921000010102F001020A4342F400521A6342685B
:10922000C18922F040421A65826822F040421A66E3
:10923000428AC2F30E0242EA0142017CC90389B2AA
:109240000A431A641A6B002AFCDA1A6B22F4803281
:109250001A63704700800D400F4A437811699B03E1
:1092600021F4E0319BB20B4343F480331361116965
:10927000037821F441515B0003F0020321F0020165
:109280000B4343F4415313611369002BFCDA136958
:1092900023F480331361704700800D4007B500232D
:1092A000ADF804300F4B1A69920416D51A6942F0D2
:1092B00040021A610C4B1A6B22F000421A631A6BBF
:1092C00022F080421A6300221A601A6B012042F4D5
:1092D000C6121A6303B05DF804FB01A8FFF7BCFFD8
:1092E000E8E700BF00800D4000900D40014B0022D8
:1092F0001A62704700800D40024B4FF480521A678B
:10930000704700BF00800D40024B4FF48052C3F8FD
:10931000E020704700800D4010B50A4CC000D4F822
:109320000021BF23834022EA030201F03F01802392
:109330008340814013431143C4F80031C4F8001145
:1093400010BD00BF00800D4008B5302383F31188A5
:10935000FEF722FB002383F31188BDE80840FEF7E7
:1093600053BD4FF0E0234EF65F225A6100229A610E
:1093700007221A6108210B20FFF7EDB9022908B571
:1093800008D003290AD0012902D10648FEF70AFFB6
:10939000002008BD0348FEF73DFFF9E70148FEF74E
:1093A00067FFF5E7C42F002070B5204C067AE5680A
:1093B00042687EB1A368016823F0011304F17400D0
:1093C000A360F8F7A3FC6B6813B10021204698470F
:1093D000002070BD501C27D0B1B9AB695A606389B9
:1093E00023F001036381EB680BB1204698473023DB
:1093F00083F31188E368986941680C30FEF7A1FC9B
:10940000002383F31188E3E7238923F001032381F9
:10941000AB6813B1314620469847302383F3118857
:10942000E36800215869E8E70520D2E7C42F00204F
:1094300008460121FFF7B8BF08460021FFF7B4BF77
:1094400070B50D7A15BB4B68013321D0114CD1B2E8
:109450008E1C04EB86030122586823898A4023EA84
:109460000203238183680BB120469847302383F39E
:10947000118804EB86040021636858690C30FEF7FC
:1094800060FC002383F31188284670BD0125FBE7AB
:109490000525F9E7C42F002070B50D7A25BB4B6870
:1094A000591C23D0124CD1B28E1C04EB860250689A
:1094B00082695360638901228A4023EA020363813F
:1094C000C3680BB120469847302383F3118804EB1F
:1094D00086046368986941680C30FEF732FC00230B
:1094E00083F31188284670BD0125FBE70525F9E7C0
:1094F000C42F00200B4B186883685B6810B5D3F845
:109500004441D3F848311C4000F0CAFF230604D57B
:1095100005484368DB6803B19847BDE81040FEF793
:1095200073BC00BFC02F0020C42F002013B50E4C09
:109530000E48FEF78AFD03220D4901A8F8F7E6FB65
:1095400021460020FFF7AAFE21460020FFF706FE75
:1095500001AA0021022001F049F9064A0649022029
:1095600000F014FA02B010BD00389C1CC42F00207B
:1095700084A80060C02F00207D93006008B50378A8
:10958000012B0CD1064B984209D1064B186800F00C
:10959000DBF9BDE8084003217120FFF7B0B808BD32
:1095A000C42F0020C02F002008B50378012B0BD159
:1095B000064B984208D1064B186800F0C9F9BDE87F
:1095C00008407120FFF7B1B808BD00BFC42F0020CC
:1095D000C02F002010B5124B124C134AC36086B046
:1095E000124B0393019200232068049303AA01A95C
:1095F000ADF8083000F034FA78B90D4B04908DF8CE
:10960000060003AA2068039301A900F029FA20B1FB
:109610009DF80610206800F042FA06B010BD00BFA9
:1096200014B10060C02F0020400080003194006021
:109630003994006073B5154C0546002620688DF8F6
:1096400007600DF10702062100F06AFA9DF8073065
:10965000032B0DD0022B09D895F87E308DF80730FA
:109660000DF107020721206800F07BFA02B070BDFF
:1096700020683246072100F074FA0028F6D1012351
:109680008DF807300DF107020621ECE7C02F00200E
:1096900030B5082987B00C4612D800EB8100C568A8
:1096A000AA696B6902B95BB1184A03922A688DF8FE
:1096B000072000220494ADF808201BB9AB698BB9D0
:1096C00007B030BD64F07F038DF806302B8AADF80B
:1096D00004300F4B03AA186801A900F0C1F9002853
:1096E000ECD0EDE78DF80640094C0A4B0393206857
:1096F0006B8AADF8043003AA01A900F0B1F9002883
:10970000DED02068802100F0CAF9D9E741940060DA
:10971000C02F00209994006070470000072907B50A
:1097200013D80B4B8DF80410186801AA052100F01E
:10973000F7F940B9BDF80630012B0CBF012002201B
:1097400003B05DF804FB0220FAE70020F8E700BF51
:10975000C02F0020072907B515D80C4B61F07F01F9
:109760008DF80410186801AA052100F0D9F940B954
:10977000BDF80630012B0CBF0120022003B05DF8BC
:1097800004FB0220FAE70020F8E700BFC02F00200A
:109790007047000000EB8100C3689A695B8A10681B
:1097A0009842044888BF136013680068926800F00C
:1097B00053B900BFC02F002000EB810041F08001B1
:1097C000C36803485A6900681368926800F03EB99C
:1097D000C02F0020014B186800F080B9C02F002076
:1097E000024B41F08001186800F078B9C02F0020CA
:1097F000014B186800F083B9C02F0020024B41F0E4
:109800008001186800F07BB9C02F002020B1C36828
:1098100023B15B69806818470320704706207047B2
:109820002DE9F7430D4617469846044698B3C3689A
:109830009BB3CE0946EA4106F6B24FF00C0909FB8C
:10984000060999F81C3053BB01A801F012F8012356
:1098500089F81C30019801F011F8E368A06815F050
:10986000800F14BFD3F80890D3F80C9029464346D4
:109870003A46C847054650B101A800F0FAFF0C234C
:1098800003FB064400230198237700F0F7FF2846E6
:1098900003B0BDE8F0830325F9E70625F7E70225C5
:1098A000F5E730B5044685B0002949D0002847D0F7
:1098B0000369002B46D00A7A102A02F00F031FD149
:1098C000012380F8BF3000220E21FFF79FFF002503
:1098D000022384F8BE3084F8BC50234604F1A80269
:1098E0005D619D611D770C339342F9D1236900229C
:1098F00001212046984784F8BF50002005B030BDB4
:10990000062B1FD85B0043EAD2130C2202FB030292
:109910005569BDB1086801904868497A02908DF890
:109920000C1059B10022227784F828200C2202FB67
:10993000034301A99A692046A847DFE71177F5E7B5
:109940000320DBE70120D9E700221146FFF75EBFC5
:1099500000220121FFF75ABF37B5044698B1C3680A
:1099600023B15B68806898470023E360002501A865
:1099700000F07FFF0198A56084F8BD5000F07EFFE5
:10998000284603B030BD0320FBE700002DE9F3417A
:1099900006460F469046002A50D0294C01A800F0F8
:1099A00068FFA56894F8BD301DBB019884F8BD60C0
:1099B00000F064FF276184F8BD6084F8BC5084F82F
:1099C000BF5023462F4601350E2D5F619F611F77E3
:1099D00003F10C03F7D1B31E012B18D901A800F035
:1099E00048FF0198A76084F8BD70062500F046FF87
:1099F00005E09E42019806D100F040FF012528466F
:109A000002B0BDE8F08100F039FF0225F7E70D4B09
:109A1000E360C8F80040E3680B4A1B68A2F1080144
:109A200030469847054628B10548FFF795FFC8F826
:109A30000070E4E7022384F8BE30E0E70325DEE7A8
:109A4000801D002038B10060881D002001F00F014A
:109A500041F08001FFF7E4BE01F00F01FFF7E0BE27
:109A600070B4B8B1C9B1C2B18C7804F00F05062D3D
:109A700013D8E40944EA45040C2606FB04031568E0
:109A800052689A6100221A775D610A4670BC022111
:109A9000FFF7BCBE032070BC70470420FBE773B522
:109AA0000C468DF8071001F00F06054690B10DF138
:109AB00007020321FFF7AAFE062E0DD8E40944EAA7
:109AC00046040C2303FB045300225A619A611A775F
:109AD00002B070BD0320FBE70420F9E707B58DF85D
:109AE000071001F00F01062907D80DF10702042124
:109AF000FFF78CFE03B05DF804FB0420FAE707B51E
:109B00008DF8071001F00F01062907D80DF10702A3
:109B10000521FFF77BFE03B05DF804FB0420FAE7A4
:109B2000DAB1023906291AD8DFE801F00407111367
:109B3000090E15000F21FFF769BE1021FBE790F811
:109B4000BE3013700020704790F8BC30F9E7062152
:109B5000F1E70721EFE70921EDE704207047012035
:109B6000704703390B292BD8DFE801F0062A2A09B0
:109B70000F2A2A2628222A241121FFF747BEFAB1EC
:109B8000137880F8BE300020704790F8BE30032B69
:109B90000AD0AAB1137880F8BC30032380F8BE3015
:109BA00000F1BC021421E8E700F1BC020821E4E75F
:109BB0000A21E2E70B21E0E70C21DEE70D21DCE7DB
:109BC00001207047F0B5C368036103F1200203F57B
:109BD00000711A6020328A421B68FAD10021196094
:109BE000102380F8843043688568D3F8402122F43C
:109BF0007F02C3F84021D3F84021C3F84021D3F8B5
:109C0000A82142F00802C3F8A821D3F8A82122F025
:109C10000402C3F8A82100F1100400F148072A4605
:109C20004FF0010E4FF0400CC2F808E016686CF3DC
:109C30001A46166044F8041F92F83860A16361F375
:109C40000006BC4282F8386002F14002ECD1C72223
:109C5000C3F85851C3F85411C3F8482180F886104E
:109C6000F0BD00002DE9F04F0D4687B01E46CB0930
:109C7000490001F01E010392009341EAD519044600
:109C8000002800F0ED80836803EB89134FEA891800
:109C900093F8383013F00103019302D090F88670E6
:109CA00027B10127384607B0BDE8F08F06F57F538E
:109CB0003F33B3F5804F05A82CBF4FEA933A4FF0DE
:109CC000010A00F0D6FD94F88430534504D205987B
:109CD00000F0D4FD0227E5E704EB89014FF0000C0A
:109CE000CA6CE6469246226902961068206194F892
:109CF0008400013884F88400012010600020506046
:109D0000039870449060906800F580506FF30B00EA
:109D1000D060D06800F580501061106900F5805067
:109D20005061506900F5805090615068B6F5804FE1
:109D3000334628BF4FF4804363F31E405060D06920
:109D4000D2F8089063F31E30D06120F0004020F478
:109D50007F60C9F30B0920F00F0040EA0900BEF153
:109D6000000F08BF9346F61AD06102BF506840F456
:109D70000040506050684FF0800969F30700506060
:109D80009E44BAF1000F36D0CAF80020002EA9D1A7
:109D9000CA6415F00F021CD10099D1B1A06800EB84
:109DA000080191F83810890713D5029989B1C18E3D
:109DB0008B420ED250F80810C1F30A41B3FBF1FEFA
:109DC00001FB1E332BB950F8083066F35D7340F881
:109DD0000830ED0805F0100515430123AB40BCF138
:109DE000000F20D16268D2F8B011194207D005984F
:109DF00000F044FD56E7DDF804C04A61C6E7D2F83A
:109E0000401141F48051C2F84011D2F8B801D2F8A3
:109E10004011C904F3D5D2F84011034221F4805116
:109E2000C2F84011E3D1A26842440021C2F808B050
:109E3000D160BFF34F8F62680A49C2F8B031D2F8DF
:109E4000B8011842D3D1013903D1059800F016FDAD
:109E500027E7D2F8BC011842C9D1C2F8B031EEE709
:109E600003271FE7809698002DE9FF4702EB410981
:109E700000EB89080026D8F81440DFF8B8A0019656
:109E800041EAC2110546029624F01F044FEA8919DF
:109E9000CFB214B904B0BDE8F087019B3BB9A36809
:109EA000A28B03EA0A03C2F30B0213430193636814
:109EB0001A065FBF6268E369C2F30E42C3F312334E
:109EC0005BBF9B1A029A4FF0FF339B180293D8F89E
:109ED0004C20D8F81430934227D1C8F81460C8F841
:109EE0004C60AB684B4401229A60DE6063681B04DF
:109EF00003D4D8F814301F2B09D828688DF80C70BB
:109F000001A98DF80D60FFF7CCFC019602962B6934
:109F10006660236095F884302C61013385F88430C5
:109F2000D8F8144024F01F04B3E71B68C8F81430B5
:109F3000DCE700BF00F0FFFF73B5244B009303F58F
:109F400000730193831E1646DAB2012A34D906251E
:109F500037E0012414701E4C1E4AE2601E4AA260C3
:109F600002AA02EB830384F8870053F8083C63607D
:109F7000D3F8402142F00202C3F84021D3F8402137
:109F80009207FBD4D3F8240100F01F00062884F8C0
:109F9000850019D9D3F8A8210D48216022F00302C9
:109FA000C3F8A821D3F8A82142F00202C3F8A821DF
:109FB000FFF708FE346004E0084A1578002DC8D089
:109FC0000325284602B070BD0125FAE700002E40A7
:109FD000441E0020E01E002000280020401E00201B
:109FE00008B9032070470B4B984202D10A4B00225C
:109FF0001A7043680020C3F84801D3F8402122F0CA
:10A000000102C3F84021D3F8402142F00202C3F814
:10A0100040217047441E0020401E002001F00F0127
:10A0200041F08001FFF71EBE01F00F01FFF71ABEDD
:10A030002DE9FF41CB0801F00F0203F01003134399
:10A040004A00012602F01E020D469E4042EAD1144B
:10A05000074600287BD0684600F00BFC002307EB86
:10A06000840201934FF0FF330293536923F01F03DF
:10A0700021B21C4694B9DFF8DCE0A446B3B9BA6853
:10A0800002EB811201219160D360009800F0F6FB91
:10A09000002C52D1002004B0BDE8F081E07F40F0F8
:10A0A0008000E077246824F01F04E3E793F91F00A1
:10A0B0000028EADA586800062BD4019848B9986855
:10A0C000B3F81C8000EA0E00C8F30B0840EA080051
:10A0D00001905069D2F84C80404513BF0068C2F827
:10A0E00014C0C2F84CC050615868000423D45069B1
:10A0F0001F2898BF01243869C3F804C018603B6169
:10A1000097F88430013387F88430536923F01F03B4
:10A11000B4E77868D0F8B48148EA0608C0F8B4819A
:10A12000D0F8B48118EA060FFAD1D0F8B88118EA4D
:10A13000060FEFD1C1E70124DDE7002338688DF871
:10A140000C5001A98DF80D30FFF7ABFBA2E70320FF
:10A15000A1E700BF00F0FFFFCA082DE9F04102F0BF
:10A16000100201F00F06324301258368954072000A
:10A1700042EAD11203EB82134FEA821893F8382097
:10A18000044622F0010283F83820CF09FFF750FF80
:10A190006368D3F8B0212A4218D1D3F8B8212A40F5
:10A1A00014D1A16841F808206EB9D3F8C021002F5E
:10A1B0000CBF6FF08D016FF40D010A40C3F8C02190
:10A1C0000020BDE8F08103EB8603EEE70220F8E70C
:10A1D0002DE9F84F0D4614460646002800F05C8134
:10A1E000142900F25B81DFE811F015002000260041
:10A1F000B300BB00E60014011A011C00590159010B
:10A200005901590159013F0152015901590159019F
:10A21000590136014268D2F8403143F00103C2F8D7
:10A22000403100252846BDE8F88F4268D2F8403119
:10A2300023F00103F3E7002A00F0308192F8029046
:10A24000B2F800B092F803A04FEAD90309F00F0763
:10A2500003F010033B434FF00108494608FA03F8A6
:10A26000FFF7E6FE7068D0F8B03118EA030FD9D1D5
:10A27000D0F8B83118EA0308D4D1B2680AF0030361
:10A28000790041EAD911012B4FEA8115CBF30A0E6F
:10A290004FEAD91C02EB81112BD1268852F8058098
:10A2A000C6F3C126013666F39F78BEF5806F42F88B
:10A2B000058028BF4FF4806E56596EF31A465651EA
:10A2C00091F83860247964F3410681F83860AFB9B9
:10A2D000545944F000545451545944F400445451D6
:10A2E000D0F8C021BCF1000F1ED19B0043F0C00389
:10A2F0001DE0565968F39F765651DDE75659B4FA7A
:10A3000084F4640964F35D765651545924F400448E
:10A31000545100EB8702D2F8C001BCF1000F10D1FC
:10A320009B0043F0C0030FE09B0443F4400313433E
:10A33000C0F8C03191F8383043F0010381F838306B
:10A340006FE79B0443F440030343C2F8C031F1E7D5
:10A35000002A00F0A380BDE8F84F1178FFF7FCBE9B
:10A36000002A00F09B80117801F00F04650045EA97
:10A37000D115CF09AD01FFF75BFEB3685B5913F44C
:10A38000004F73680AD034B9D3F8C02142F00112EB
:10A39000C3F8C02145E703EB8403F5E744B9002F78
:10A3A000D3F8C0210CBF01214FF480310A43EFE7FD
:10A3B00003EB8403F3E7002A70D01178736811F07F
:10A3C0000F024FEAD1100ED10028D3F8C0210CBFE4
:10A3D0006FF001006FF480300240C3F8C0213046B6
:10A3E000FFF726FE1DE703EB82030028D3F8C02108
:10A3F0000CBF6FF001006FF4803002EA0002C3F876
:10A40000C021D3F8C0210CBF40204FF4800002438C
:10A41000E3E70125002A3FF405AF158001E7002A94
:10A420003CD0137803F00F02062A37D84168DB09C5
:10A4300072B16F3201EB82014A68002B0CBF01231D
:10A440004FF480331A4214BF012300236380E8E6EF
:10A45000D1F8C021F1E70AB3237842685B0643F0E4
:10A460008073C2F85431DCE6002464F07F01E5B269
:10A47000C9B23046FFF770FE013429463046FFF777
:10A480006BFE072CF1D13046FFF79CFBC9E62AB1E1
:10A4900090F888301370C4E60325C3E60125C1E6B1
:10A4A0002DE9F04F89B0002856D084686368D3F84E
:10A4B0004411D3F8482101EA020A1AF0400FC3F808
:10A4C00044A118D0D3F8AC21C3F8AC21D3F8BC21F7
:10A4D000C3F8BC214FF0FF11C3F8B411D3F8B02179
:10A4E00012F0FF1FF8D1D3F8843113F4807336D003
:10A4F000012384F886301AF0010F0CD06368D3F87A
:10A50000AC61002E35D16368D3F8BCB1C3F8BCB1DF
:10A51000BBF1000F73D11AF0040F1DD000238DF88A
:10A520001D3062680593D2F88451069315F4807546
:10A5300012D1D2F88431C3F340235B0084F8883011
:10A5400094F8863043B110238DF81C30206805A99B
:10A55000FFF7A7F984F8865009B0BDE8F08F05939E
:10A5600006931023ADF81C30206805A9FFF799F970
:10A57000C1E70025012726FA05F3DB073BD5A368D1
:10A5800003EBC51BE9B21BF8302F2046D2098846E1
:10A590000192FFF769FC019A414682F001022046D0
:10A5A000FFF762FC8DF81C808DF81D700823069360
:10A5B0006368CDF814B007FA05F2C3F8AC21A268BD
:10A5C0004FEAC5194A44D3F8401141F40051C3F889
:10A5D0004011916A1163D16A5163D3F84011880424
:10A5E000F1D5D3F84021206822F40052C3F840216D
:10A5F00005A9FFF756F90135072DBCD183E74FF0C8
:10A6000000094E462BFA09F3D90705D409F10109CF
:10A61000B9F1200FF6D17EE7B9F10F0F5FFA89F19A
:10A6200083BF1039C9B2012500250629EED805EBF4
:10A630004100C0B20596069661B95DB1A36893F872
:10A640007870BA0706D51F6CBF005EBF1F6C47F05D
:10A6500000571F6403B20293830104EB800041EAB8
:10A66000C512012701EB05118F404169019231F0BC
:10A670001F02CBD0029A04EB8208D8F8140020F015
:10A680001F000546014659B14A68120602D44A68BD
:10A6900012046AD54A681206B8D449680A04B5D5C6
:10A6A0000028B3D069680806E4D4059939B9A968C7
:10A6B000A88B6FF30B01C0F30B0001430591686891
:10A6C000E969C0F30E40C1F31231091A0698084433
:10A6D0000690D8F81410D8F84C00814249D1C8F837
:10A6E0001460C8F84C60A168194401208860CE60ED
:10A6F0006968090403D4D8F814101F290CD80393EF
:10A70000019B8DF81C308DF81D60206805A9FFF7AE
:10A71000C8F8039B0596069621696E60296094F837
:10A7200084102561013184F88410D8F814501F2D4D
:10A730007FF66CAF25F01F0569680A06B2D561681F
:10A74000C1F8B071D1F8B8010742ABD1D1F8B0016E
:10A750000742FBD1D1F8B8213A40A3D1A0681844F0
:10A760008560C260C1F8B0719CE7096821F01F01E3
:10A7700089E70968C8F81410BAE7000030B51A4B29
:10A78000054693E8070087B06C4606AB012D84E8C8
:10A79000070003E9070002D8002007B030BDAB1E58
:10A7A000DBB2012B09D9AB1FDBB2012B05D9A5F117
:10A7B0000A03DBB2012B88BF2B460022114654F856
:10A7C000040B28B106AD05EB8205013245F80C0CEF
:10A7D00001310329F3D19342DED806AA02EB8303A9
:10A7E00053F80C0CD9E700BF88A8006038B50446C0
:10A7F0001546FFF7C3FF002839D06022A31E53433C
:10A8000003F1804303F558234FF4C012C3F8B42179
:10A81000036B43F480430363036B43F4004303631C
:10A8200000230360A4F10A03012B02D9063C012C8A
:10A8300005D84FF4002343634FF4801343630DB9ED
:10A84000002038BD6B78A97802691B04090201F465
:10A85000706103F470230B43297822F00F1201F08A
:10A860000F010B4322F4706213430361E8E70120F8
:10A87000E7E7EFF3108372B60360704780F3108848
:02A8800070471F
:10A884000C0606000000000000900D4000A00D40E2
:10A894002E002B002900E1000000000000002E0221
:10A8A4003402040033020400000000002F003600CC
:10A8B4001200140004004D0000002F0237000800AD
:10A8C4000D0050004A002A002602130018000E0052
:10A8D40000000000215222021C000C001B004F004B
:10A8E400E200E000230209000700050052002C00EA
:10A8F4004E0024020A001500100000002800000089
:10A904002502060017001A005100E3004B001F0245
:10A914000B001100190004000000E4001E020F00E7
:10A9240016001D000400000000002D003800200265
:10A93400E50000000000000039003C003F00420038
:10A944004500815200003A003D00400043004600AB
:10A95400007C00003B003E0041004400470061527F
:10A9640000000100010001000100000000000000DF
:10A974001E00340080C033000100000000001F00EE
:10A98400010082C10100010001000000200001005B
:10A9940084C201000100010001002100210286C3DC
:10A9A40022520000000001002200350088C401008A
:10A9B4000100010001002300010001000100010069
:10A9C4000100010024000100010001000000835285
:10A9D400000025000100380201000100010001000F
:10A9E400260001008AC501000100000001002700C3
:10A9F4000100350201000100000000002D023100B9
:10AA0400310201000000000000000100010001000B
:10AA1400010001000100000001000100010001002B
:10AA2400010001000000010001000100010001001B
:10AA3400010000000100010001000100000000000D
:10AA440000000100010001000100010000000000FD
:10AA540001000100010001000100010000000100EB
:10AA640001000100010001000100010001000100DA
:10AA740001000100000000000100010001000100CC
:10AA840001000100010001000100010001000100BA
:10AA94000100010001002702010001000100000083
:10AAA400010000003002010001000100010001006A
:10AAB400010030000100010001000100000001005C
:10AAC400010001000100010001000000000001007C
:10AAD400010001000100000000000000010001006D
:10AAE400010001000100010000000100010001005B
:10AAF400010001000100000001000100010001004B
:10AB0400010001000000010001000100010000003B
:10AB1400000000000100010001000100010000002C
:10AB2400000001000100010001000100010000001B
:10AB3400010001001080010001000100010001007A
:10AB440001008CC6010000000000010001000100AA
:10AB540001000100010001000100010001000100E9
:10AB640001000100010001000100010001000100D9
:10AB7400000001000000010001000E80010001003E
:10AB840001000100010001000F800100010000002C
:10AB940001000100010001000100010000000000AB
:10ABA400010001000100010000000000000001009C
:10ABB400010001000100010001000000010001008A
:10ABC400010001000100010000000100010001007A
:10ABD4000100010001000000E1000000C1000000CC
:10ABE400F3000000D3000000E9000000C9000000E9
:10ABF400FA000000DA000000ED000000CD000000C3
:10AC0400F1000000D1000000FC000000DC000000A6
:10AC1400BF000000A1000000AC200000E200E90039
:10AC2400EA00B500B600B700CD008301CC008A016C
:10AC34009201940121022302240225022602270202
:10AC44002A02B300B4006F0070009F01CB019F0281
:10AC5400A002E200E900EA00B500B600B700CD00AA
:10AC64008301CC008A01920194012102230224026F
:10AC74002502260227022A02B300B4006F007000E6
:10AC84009F01CB019F02A002120000420E0000426D
:10AC94000F0000421400004216000042130000425C
:10ACA4000640004208400042094000420A40004277
:10ACB4000B400042074000421000004205C0004221
:10ACC40003C0004204C000420100004200000042F0
:10ACD40002C0004211000042170000421500004269
:10ACE40000000000000000002A2B280000000000E3
:10ACF4000000000000000000000000290000000027
:10AD04002C1E3420212224342627252E362D373894
:10AD1400271E1F202122232425263333362E37389D
:10AD24001F0405060708090A0B0C0D0E0F1011125B
:10AD3400131415161718191A1B1C1D2F3130232D27
:10AD4400350405060708090A0B0C0D0E0F10111225
:10AD5400131415161718191A1B1C1D2F3130354CD6
:10AD640000000000000000000000000000000000DF
:10AD740000000000000000000000000000000000CF
:10AD8400000000007E0F00D4FFFFFFC70000007822
:10AD9400896E0060F16D0060CD6C00600000000001
:10ADA40030313233343536373839414243444546FD
:10ADB400001C036B0069006E005400200028006B27
:10ADC4000069006E00740034003100290000003C6A
:10ADD40003680074007400700073003A002F002FA1
:10ADE400006700690074006800750062002E00634B
:10ADF400006F006D002F0073007400610070006527
:10AE0400006C006200650072006700000004030922
:10AE14000409023B00020100A032090400000103FE
:10AE240001010009211101000122440007058103E9
:10AE340008000109040100010300000009211101B7
:10AE4400000122B60007058203200001120100025E
:10AE54000000004009125C340100010203010501F5
:10AE64000902A10185020901A100050919012908A6
:10AE74001500250195087501810205010930093184
:10AE84001581257F95027508810609381581257F6E
:10AE9400950175088106050C0A38021581257F95F0
:10AEA4000175088106C0C005010980A10185031947
:10AEB400012AB700150126B700950175108100C05D
:10AEC400050C0901A101850419012AA00215012616
:10AED400A002950175108100C005010906A1018534
:10AEE40006050719E029E715002501950875018174
:10AEF400020507190029EF1500250195F075018158
:10AF04000205081901290595057501910295017538
:10AF1400039101C005010906A101050719E029E70C
:10AF240015002501950875018102950175088101B7
:10AF34000507190029FF150026FF009506750881ED
:10AF440000050819012905150025019505750191CC
:10AF540002950175039101C000B600605C300020C9
:10AF64005C3000205C30002000B60060000000006F
:10AF7400000000000000000000B6006000000000B7
:10AF8400000000000000000000B6006000000000A7
:10AF9400000000000000000000B600600000000097
:10AFA400000000000000000000B600600000000087
:10AFB400000000000000000000B600600000000077
:10AFC400000000000000000000B600600000000067
:10AFD40000000000000000006330006D61696E0035
:10AFE40069646C650065786974006B696C6C0062F7
:10AFF4007573795368696674203C3D2043434D5F03
:10B004004E4F5F425553595F57414954002E2F6CA0
:10B0140069622F63686962696F732D636F6E7472FE
:10B0240069622F6578742F6D6375782D73646B2F47
:10B03400646576696365732F4D494D5852543130B8
:10B0440036322F647269766572732F66736C5F6330
:10B054006C6F636B2E68002162797061737358742E
:10B06400616C4F7363006C69622F63686962696F16
:10B07400732D636F6E747269622F6578742F6D63BC
:10B0840075782D73646B2F646576696365732F4DD2
:10B09400494D585254313036322F64726976657294
:10B0A400732F66736C5F636C6F636B2E63000000B9
:10B0B400DCAF0060681C0020781D00200100000047
:10B0C4000000434C4F434B5F5365744D7578004308
:10B0D4004C4F434B5F536574446976000100000094
:10B0E400000000000100000000000000000000005B
:10B0F4006400000000000000434C4F434B5F496E66
:10B10400697445787465726E616C436C6B00000001
:10B1140000000000898200605185006003860060A1
:10B12400400040004C300020B02F002001000000FF
:10B13400781D0020399F0060E19F00601DA0006021
:10B1440029A0006031A00060D1A100602C206675A8
:10B154006E6374696F6E3A2000000000617373655A
:10B164007274696F6E2022257322206661696C6592
:10B17400643A2066696C6520222573222C206C6950
:10B184006E65202564257325730A0000232D302B5A
:10B1940020000000686C4C00656667454647000067
:10B1A40030313233343536373839414243444546F9
:10B1B40000000000303132333435363738396162BB
:08B1C4006364656600000000F1
:08B1CC008067FF7F0100000015
:10B1D400040C002000000000001800206818002063
:10B1E400D018002000000000000000000000000053
:10B1F400000000000000000000000000000000004B
:10B20400000000000000000000000000000000003A
:10B21400000000000000000000000000000000002A
:10B22400000000000300000000180020031A0020A2
:10B23400231A0020E5520060010150010A0414069B
:10B24400000001004D6B0060717000608770006049
:10B25400917000609B70006001000000000000001D
:10B2640000000000000000000000000000000000DA
:10B2740000000000000000000000000000000000CA
:10B2840000000000000000000000000000000000BA
:10B2940000000000030000000000000003730060D1
:10B2A400000000002000000000000000000000007A
:10B2B4000200000000000000000000000000000088
:10B2C4000000000000000000C42F00200200000065
:10B2D4000400000020000000341B002000000000D7
:10B2E40000000000100E002000000000000000001C
:10B2F400000000000000000000000000000000004A
:10B304000000000000000000000000000000000039
:10B314000000000000000000000000000000000029
:10B324000300000000000000037300600000000040
:10B3340008000000000000000000000002000000FF
:10B3440000000000000000000000000000000000F9
:10B3540000000000C42F00200100000004000000D1
:10B3640008000000041B0020000000000000000092
:10B37400A40D0020C00D00208D7400606D74006069
:10B38400A374006085750060A1750060AD750060F0
:10B39400C40D0020000000000000000000000000B8
:10B3A4000000000000000000000000000000000099
:10B3B4000000000000000000000000000000000089
:10B3C4000000000000000000000000000000000079
:10B3D4000000000000000000000000000800000061
:10B3E4002C0E0020E9740060C174006005750060D3
:10B3F400F97500601D76006035760060000000007D
:10B4040000000000340F0020E80E00209C0E0020F5
:10B4140000000000500E00200000000000000000AA
:10B424000000000000000000060000000000000012
:10B434000000000000000000000000000000000008
:10B4440000000000000000000000000000000000F8
:10B4540000000000000000000000000000000000E8
:10B4640000000000000000002000000000000000B8
:10B4740000000000040000000000000000000000C4
:10B4840000000000000000000000000000000000B8
:10B4940000000000000000000000000000000000A8
:10B4A4000000000000000000000000000000000098
:10B4B4000000000003000000000000000000000085
:10B4C4000300000000000000000000000000000075
:10B4D4000000000000000000000000000000000068
:10B4E4000000000000000000000000000000000058
:10B4F4000000000000000000000000000000000048
:10B504000300000000000000000000000200000032
:10B514000000000000000000000000000000000027
:10B524000000000000000000000000000000000017
:10B534000000000000000000000000000000000007
:10B5440000000000000000000000000006000000F1
:10B5540000A4781F2D2C04050608545B5A554A4C48
:10B564004B4D3C3D41403B3A4445424336374849C4
:10B57400201F2524560767665C5D46473E3F6D6C79
:10B584006B6A6F6E181B1C161A191D2D2C040506E8
:10B5940008545B5A554A4C4B4D3C3D41403B3A4460
:10B5A40045424336374849201F2524560767665CC1
:10B5B4005D46473E3F6D6C6B6A6F6E181B1C161A16
:10B5C400191D0302040506080A11100B00020103E9
:10B5D4001213171611101A1B18190C0D1E1F121F07
:10B5E40017160C071D1C12131C1D14150F0E0D0C21
:0CB5F4001110181B1C161A191D00000075
:04000005600018E996
:00000001FF
